회사,제목,마감일,인원,성별,연령,학력,우대사항,급여,근무기간,근무요일,근무시간,업직종,고용형태,복리후생,모집분야,인원_추가사항,연령_추가사항,급여_추가사항,급여형태,급여금액,근무기간_추가사항,근무요일_추가사항,근무시간_추가사항
㈜세금환급도움센터,"[하루4시간, 월급120만원, 고수입]단순기업체 미수금파악 업무",2022.12.11,00명,무관,23세(2000년생) ~ 49세(1974년생),고등학교 졸업 이상,없음,"['월급', '1,200,000원']",1년이상,주4일,09:00~13:00,설문조사·리서치 초보가능,알바,없음,없음,인원미정,없음,없음,월급,"1,200,000원",협의가능,없음,없음
DB무상제공/신입정착금100만/영상교육/어플전자청약,(재택) ㅎㅎ인생 한강물 아니면 한강뷰ㅎㅎ,2022.12.19,10명,무관,무관,무관,유사업무 경험,"['건별', '1,000,000원', '협의가능', '사례: 26세대학생 130만/46세주부 560만/58세투잡러 260만 등등 하는만큼 벌어가십니다.(상한x)']",1년이상,요일협의,시간협의,"고객상담·인바운드,텔레마케팅·아웃바운드,금융·보험영업 초보가능","알바, 위촉직(프리랜서)","인센티브제, 고용보험",없음,친구,장년가능,"협의가능,사례: 26세대학생 130만/46세주부 560만/58세투잡러 260만 등등 하는만큼 벌어가십니다.(상한x)",건별,"1,000,000원",협의가능,(출근X 언제어디든 스마트폰 하나로 계약OK),(출근X 언제어디든 스마트폰 하나로 계약OK)
모닝듀화장지,"블로그,인스타그램,영상촬영 및 편집 가능자 (재택)",상시모집,00명,무관,무관,무관,유사업무 경험,"['월급', '2,000,000원']",6개월~1년,주5일,09:00~18:00,"웹·모바일디자인,그래픽·영상·편집디자인","알바, 계약직",없음,없음,인원미정,없음,없음,월급,"2,000,000원",없음,없음,없음
에프알엘코리아주식회사,[유니클로] 현대시티몰 가든파이브점 풀타이머 모집합니다,2022.12.01,0명,무관,무관,고등학교 졸업 이상,"유사업무 경험, 대학재학생, 대학휴학생","['연봉', '32,600,000원', '수습기간있음', '1분 단위 연장 및 야근 수당 별도 지급/ 성과급 포함']",1년이상,월~일,시간협의,"의류·잡화·쥬얼리매장,매장관리·판매,서비스 기타,유니클로 브랜드",계약직,"국민연금, 고용보험, 산재보험, 건강보험, 야간근로수당, 연장근로수당",없음,"인원미정,친구",없음,"수습기간있음,1분 단위 연장 및 야근 수당 별도 지급/ 성과급 포함",연봉,"32,600,000원",없음,없음,"(오전, 오후 교대근무)"
[[ 확실한성공 ]] [[ 무자본창업 ]] 프리드라이프,[[[ 확실한성공 ]]] [[[ 무자본창업 ]]] 프리드 전국사업점 모집,상시모집,15명,무관,25세(1998년생) ~ 70세(1953년생),무관,없음,"['건별', '1,000,000원', '협의가능', 'ㅋㅋㅋ 평균수입은 없어요, 한달에 75만원 버는 사람도 있구요, 한달에 1,800만원 버는 사람도 있거든요. ㅋㅋ']",1년이상,요일협의,시간협의,"금융·보험영업,바이럴·SNS마케팅,휴대폰·전자기기매장 초보가능","알바, 위촉직(프리랜서)","인센티브제, 고용보험","개인영업, 사업점운영(지사)",친구,없음,"협의가능,ㅋㅋㅋ 평균수입은 없어요, 한달에 75만원 버는 사람도 있구요, 한달에 1,800만원 버는 사람도 있거든요. ㅋㅋ",건별,"1,000,000원",협의가능,(전국어디서나 출근없는일),(전국어디서나 출근없는일(재택/투잡))
ㅋㅋ 화끈한 일시불 거침없이 쏩니다 / 온라인 화상교육,000 요즘 투잡 기본입니다 / 출근없는 재택투잡 단기 당일부업 야간주말,상시모집,15명,무관,25세(1998년생) ~ 70세(1953년생),무관,없음,"['건별', '1,000,000원', '협의가능', 'ㅋㅋㅋ 평균수입은 없어요, 한달에 75만원 버는 사람도 있구요, 한달에 1,800만원 버는 사람도 있거든요. ㅋㅋ']",1년이상,요일협의,시간협의,"금융·보험영업,바이럴·SNS마케팅,의류·잡화·쥬얼리매장 초보가능","알바, 위촉직(프리랜서)","고용보험, 인센티브제","개인영업, 사업점운영(지사)",친구,없음,"협의가능,ㅋㅋㅋ 평균수입은 없어요, 한달에 75만원 버는 사람도 있구요, 한달에 1,800만원 버는 사람도 있거든요. ㅋㅋ",건별,"1,000,000원",협의가능,(전국어디서나 출근없는일),(전국어디서나 출근없는일(재택/투잡))
㈜미니원,"도시재생/농촌공간 계획 (비상근,정규직/재택가능)",2022.12.19,1명,무관,무관,대학(4년제) 졸업 이상,"컴퓨터활용가능, 포토샵가능, 업무 관련 자격증 소지, 파워포인트가능, 유사업무 경험","['연봉', '36,000,000원', '협의가능']",1년이상,월~금,시간협의,문서작성·자료조사,"정규직, 계약직","국민연금, 고용보험, 산재보험, 건강보험, 연차, 월차, 정기휴가, 퇴직금, 장기근속자 포상, 중식제공, 주차가능","도시재생사업계획, 농촌공간계획",없음,없음,협의가능,연봉,"36,000,000원",협의가능,없음,없음
ㅋㅋ 돈이 전부는 아니지만 그만한게 없어요/ 출근없는일,ㅠㅠㅠ 멈출수 없는 일 / 단기 주말 당일 야간 카페 학원 재택 투잡,상시모집,15명,무관,25세(1998년생) ~ 70세(1953년생),무관,없음,"['건별', '1,000,000원', '협의가능', 'ㅋㅋㅋ 평균수입은 없어요, 한달에 75만원 버는 사람도 있구요, 한달에 1,800만원 버는 사람도 있거든요. ㅋㅋ']",1년이상,요일협의,시간협의,"매장관리·판매,고객상담·인바운드,금융·보험영업 초보가능","알바, 위촉직(프리랜서)","고용보험, 인센티브제","개인영업, 사업점운영(지사)",친구,없음,"협의가능,ㅋㅋㅋ 평균수입은 없어요, 한달에 75만원 버는 사람도 있구요, 한달에 1,800만원 버는 사람도 있거든요. ㅋㅋ",건별,"1,000,000원",협의가능,(전국어디서나 출근없는일),(전국어디서나 출근없는일(재택/투잡).)
#방씨기획 #꿀알바 #건당 최대10만원,"[재택근무/당일지급]학생,주부,초보,직장인 누구나 가능 야간,주말도 가능",상시모집,00명,무관,무관,무관,"컴퓨터활용가능, 한글(HWP)가능, 워드가능, 업무 관련 자격증 소지, 유사업무 경험, 대학재학생, 대학휴학생","['건별', '100,000원', '협의가능 당일지급 주급가능']",1개월~3개월,월~금,10:00~15:00,"마케팅·광고·홍보,바이럴·SNS마케팅,사무보조 초보가능","알바, 계약직",없음,없음,"인원미정,친구",없음,협의가능 당일지급 주급가능,건별,"100,000원",협의가능,없음,없음
쿠팡이츠 [재택근무]],[재택근무] 쿠팡이츠 단순응대 (쉬운업무),2022.12.06,00명,무관,무관,고등학교 졸업 이상,유사업무 경험,"['월급', '2,350,000원']",6개월~1년,주5일,12:00~21:00,"고객상담·인바운드,텔레마케팅·아웃바운드,영업관리·지원 초보가능",정규직,"국민연금, 고용보험, 산재보험, 건강보험, 연차, 인센티브제, 퇴직금, 각종 경조금, 경조휴가제",없음,"인원미정,친구",없음,없음,월급,"2,350,000원",없음,없음,(휴게시간 60분)
주식회사 휴먼에스,시급10.000 남자 스크린 제작보조사원 모집,2022.12.06,0명,남자,25세(1998년생) ~ 45세(1978년생),무관,"유사업무 경험, 인근거주","['시급', '10,000원', '식대별도지급', '월~말일 급여일 매월10일']",1년이상,주5일,09:00~18:00,"제조·가공·조립,입출고·창고관리,포장·품질검사 초보가능",정규직,"휴일근로수당, 연장근로수당, 국민연금, 산재보험, 고용보험, 건강보험, 연차","자동화 기계조작원, 조작원",인원미정,없음,"식대별도지급,월~말일 급여일 매월10일",시급,"10,000원",협의가능,"(월, 화, 수, 목, 금)",없음
㈜에스엘아이평생교육원,"무료로 영어실력 확인하고, 집에서 용돈 벌자",2022.12.18,00명,무관,무관,무관,영어가능,"['건별', '70,000원', '10,000 ~ 50,000']",1주일~1개월,요일협의,시간협의,"외국어·어학원,교육·강사 기타",알바,없음,없음,"인원미정,친구",없음,"10,000 ~ 50,000",건별,"70,000원",협의가능,(개인 자유시간에 응시가능),(1시간 소요)
ㅋㅋㅋ A급 꿀알바 100만원 일시불수당 / 출근없는일,ㅋㅋㅋ 심봤다 /유통단기주말당일야간카페휴대폰의류잡화피부미용뷰티재택투잡부업,상시모집,15명,무관,25세(1998년생) ~ 70세(1953년생),무관,없음,"['건별', '1,000,000원', '협의가능', 'ㅋㅋㅋ 평균수입은 없어요, 한달에 75만원 버는 사람도 있구요, 한달에 1,800만원 버는 사람도 있거든요. ㅋㅋ']",1년이상,요일협의,시간협의,"매장관리·판매,고객상담·인바운드,금융·보험영업 초보가능","알바, 위촉직(프리랜서)","인센티브제, 고용보험","개인영업, 사업점운영(지사)",친구,없음,"협의가능,ㅋㅋㅋ 평균수입은 없어요, 한달에 75만원 버는 사람도 있구요, 한달에 1,800만원 버는 사람도 있거든요. ㅋㅋ",건별,"1,000,000원",협의가능,(전국어디서나 출근없는일),(전국어디서나 출근없는일(재택/투잡))
클립소프트,주5일/자택근무/당일지급/월400이상,상시모집,00명,무관,무관,고등학교 졸업 이상,"컴퓨터활용가능, 유사업무 경험","['월급', '4,000,000원', '당일지급']",3개월~6개월,월~금,10:00~17:00,텔레마케팅·아웃바운드 초보가능,"알바, 정규직",없음,없음,"인원미정,친구",없음,당일지급,월급,"4,000,000원",협의가능,없음,없음
DB무상제공/신입정착금100만/영상교육/어플전자청약,(재택) ㅋㅋ출근없이 월500도전ㅋㅋ,2022.12.19,10명,무관,무관,무관,유사업무 경험,"['건별', '1,000,000원', '협의가능', '사례: 26세대학생 130만/46세주부 560만/58세투잡러 260만 등등 하는만큼 벌어가십니다.(상한x)']",1년이상,요일협의,시간협의,"고객상담·인바운드,텔레마케팅·아웃바운드,금융·보험영업 초보가능","알바, 위촉직(프리랜서)","인센티브제, 고용보험",없음,친구,장년가능,"협의가능,사례: 26세대학생 130만/46세주부 560만/58세투잡러 260만 등등 하는만큼 벌어가십니다.(상한x)",건별,"1,000,000원",협의가능,(출근X 언제어디든 스마트폰 하나로 계약OK),(출근X 언제어디든 스마트폰 하나로 계약OK)
㈜ 다함케이앤비,"[직방/재택근무]시급12,000원/해피콜/상담/단순OB/꿀알바/화상면접",상시모집,0명,무관,무관,무관,"컴퓨터활용가능, 유사업무 경험","['시급', '12,000원', '수습기간있음', '시급 12,000원 (주휴수당, 제수당 포함)']",3개월~6개월,요일협의,09:30~18:30,"서비스 기타,사무보조,고객상담·인바운드",알바,"국민연금, 고용보험, 산재보험, 건강보험",없음,인원미정,없음,"수습기간있음,시급 12,000원 (주휴수당, 제수당 포함)",시급,"12,000원",없음,(일요일제외 주5일협의 진행),(휴게시간 60분)
기본급과 매일 시상 과 월인센티브 는400 이상,재택 월500이상 가능 / 집에서하는일 / 건강식품해피콜/최고대우,상시모집,00명,무관,무관,무관,"컴퓨터활용가능, 군필자, 유사업무 경험, 대학재학생, 대학휴학생","['월급', '3,500,000원', '협의가능', '매일 시상 + 월인센티브 = 400 이상']",1년이상,주5일,시간협의,"텔레마케팅·아웃바운드,고객상담·인바운드,콜센터관리·모니터링 초보가능","알바, 정규직","우수사원 표창/포상, 장기근속자 포상, 정기보너스, 인센티브제, 연차, 각종 경조금, 정기휴가, 장기근속수당, 명절 귀향비 지급, 국민연금, 고용보험, 산재보험, 건강보험, 퇴직연금",없음,"인원미정,친구",장년가능,"협의가능,매일 시상 + 월인센티브 = 400 이상",월급,"3,500,000원",협의가능,없음,(풀타임/선택제)
㈜ 다함케이앤비,"[직방/시급12,000원]재택근무/꿀알바/사무보조/아웃바운드",상시모집,00명,무관,무관,무관,"컴퓨터활용가능, 유사업무 경험","['시급', '12,000원', '수습기간있음', '시급 12,000원 (주휴수당, 제수당 포함),내년 급여인상예정']",3개월~6개월,월~금,09:30~18:30,"서비스 기타,텔레마케팅·아웃바운드,사무보조",알바,"국민연금, 고용보험, 산재보험, 건강보험",없음,인원미정,없음,"수습기간있음,시급 12,000원 (주휴수당, 제수당 포함),내년 급여인상예정",시급,"12,000원",없음,없음,(휴게시간 60분)
기본급과 매일 시상 과 월인센티브 는 300 이상,재택 월300이상 가능 / 집에서하는일 / 간단확인콜 / 오토콜아님,상시모집,00명,무관,무관,무관,"컴퓨터활용가능, 군필자, 유사업무 경험, 대학재학생, 대학휴학생","['월급', '2,850,000원', '협의가능', '매일 시상 + 월인센티브 =300 이상']",1년이상,주5일,시간협의,"텔레마케팅·아웃바운드,고객상담·인바운드,설문조사·리서치 초보가능","알바, 정규직","우수사원 표창/포상, 장기근속자 포상, 정기보너스, 인센티브제, 연차, 각종 경조금, 정기휴가, 장기근속수당, 명절 귀향비 지급, 국민연금, 고용보험, 산재보험, 건강보험, 퇴직연금",없음,"인원미정,친구",없음,"협의가능,매일 시상 + 월인센티브 =300 이상",월급,"2,850,000원",협의가능,없음,(풀타임/선택제)
주식회사 두잇 (Doeat),[건당평균 10만원] 배달앱 `두잇` 영업 프리랜서 구인 (관악구),상시모집,00명,무관,무관,무관,"유사업무 경험, 대학재학생, 대학휴학생","['건별', '100,000원', '주급가능', '1인당 목표달성 시 건당평균 10만원. 자세한 내용은 미팅 시 설명']",1개월~3개월,요일협의,시간협의,오프라인영업·판매 초보가능,위촉직(프리랜서),없음,없음,"인원미정,친구",없음,"주급가능,1인당 목표달성 시 건당평균 10만원. 자세한 내용은 미팅 시 설명",건별,"100,000원",협의가능,없음,없음
바로상담가능#[한국블로그마케팅],블로그기자단/건당10만/당일지급/학생/주부/초보/주말/야간/단기,상시모집,00명,무관,무관,무관,"컴퓨터활용가능, 유사업무 경험, 대학재학생, 대학휴학생","['건별', '100,000원', '협의가능 당일지급 주급가능', '급여 협의 가능, 추후 인상 가능']",1개월~3개월,요일협의,시간협의,"바이럴·SNS마케팅,사무보조 초보가능","알바, 계약직",없음,없음,"인원미정,친구",장년가능,"협의가능 당일지급 주급가능,급여 협의 가능, 추후 인상 가능",건별,"100,000원",협의가능,없음,없음
㈜라이홀딩스,"[하루1시간, 주4회, 주급 40만원, 신입가능] 사내 마사지사 채용",상시모집,0명,여자,23세(2000년생) ~ 39세(1984년생),무관,없음,"['주급', '400,000원', '주급가능']",1년이상,요일협의,20:00~21:00,피부관리·마사지,알바,없음,없음,인원미정,없음,주급가능,주급,"400,000원",협의가능,"(주4회, 협의)",없음
교육지대㈜,"[교육지대] [재택] 중고등 국어,영어 타이핑 작업자 모집 공고",2022.12.04,00명,무관,무관,무관,"컴퓨터활용가능, 한글(HWP)가능, 유사업무 경험","['건별', '1,600원', '자세한 급여는 아래 상세페이지 참조해주세요.']",1년이상,요일협의,시간협의,"사무보조,문서작성·자료조사,편집·교정·교열",위촉직(프리랜서),없음,"국어, 영어",인원미정,없음,자세한 급여는 아래 상세페이지 참조해주세요.,건별,"1,600원",없음,(재택근무입니다),(재택근무입니다)
CLEONOMOS(블로그),[블로그포스팅꿀알바] 재택근무/건당20만원/당일지급/투잡부업알바/단기알바,상시모집,00명,무관,무관,무관,없음,"['건별', '200,000원', '협의가능 당일지급']",3개월~6개월,요일협의,시간협의,바이럴·SNS마케팅 초보가능,알바,없음,없음,인원미정,장년가능,협의가능 당일지급,건별,"200,000원",협의가능,없음,없음
노이지마케팅,블로그포스팅알바/건당20만원/당일지급/재택근무/부업알바/투잡알바/단기알바,상시모집,00명,무관,무관,무관,없음,"['건별', '200,000원', '당일지급']",1주일~1개월,요일협의,시간협의,바이럴·SNS마케팅 초보가능,알바,없음,없음,인원미정,없음,당일지급,건별,"200,000원","11.28(월) ~ 12.29(목),협의가능",없음,없음
네모인,"[네모]시급최대18,500원/인센티브높음/2주교육후재택/쉬운TM/꿀알바",상시모집,00명,무관,무관,고등학교 졸업 이상,"컴퓨터활용가능, 장애인, 유사업무 경험","['시급', '18,500원', '수습기간있음', '최대 18,500원이며 최소12,000원으로 퍼포먼스에따라 상이']",3개월~6개월,월~금,10:00~18:00,"고객상담·인바운드,사무보조,문서작성·자료조사",알바,"국민연금, 고용보험, 산재보험, 건강보험",없음,"인원미정,친구",없음,"수습기간있음,최대 18,500원이며 최소12,000원으로 퍼포먼스에따라 상이",시급,"18,500원",없음,없음,(휴게시간 60분)
㈜인사이트정보,[ETRI] 인공지능 학습용 이미지 촬영 아르바이트 모집 (재택근무),상시모집,00명,여자,17세(2006년생) ~ 45세(1978년생),무관,없음,"['건별', '30,000원', '기존 \\20,000에서 촬영 조건 변경(구체화)으로 인해 \\30,000으로 인상 되었습니다.']",3개월~6개월,요일협의,시간협의,"데이터수집·가공,사진촬영·편집,서비스 기타 초보가능","알바, 위촉직(프리랜서)",없음,없음,"인원미정,친구",청소년가능,"기존 \20,000에서 촬영 조건 변경(구체화)으로 인해 \30,000으로 인상 되었습니다.",건별,"30,000원",협의가능,없음,없음
NS홈쇼핑/초보가능/교통비지원/심야수당,[신입/경력자를 찾습니다] NS홈쇼핑 주문접수 상담원 채용,2022.11.30,00명,무관,무관,무관,"업무 관련 자격증 소지, 유사업무 경험, 대학재학생, 대학휴학생","['월급', '2,210,000원', '정착금 포함 / 인센티브 별도 / 택시비 별도 / 야간수당 별도']",1년이상,주5일,04:30~13:30,"고객상담·인바운드,쇼핑몰인바운드,텔레마케팅·아웃바운드 초보가능",정규직,"국민연금, 고용보험, 산재보험, 건강보험, 연차, 월차, 인센티브제, 퇴직금, 퇴직연금",없음,"인원미정,친구",없음,정착금 포함 / 인센티브 별도 / 택시비 별도 / 야간수당 별도,월급,"2,210,000원",없음,없음,(휴게시간 60분)
노이지마케팅,병의원 병원 원고작성 작가모집 (경력만),상시모집,00명,무관,무관,무관,없음,"['시급', '9,160원', '협의가능 당일지급 주급가능']",3개월~6개월,요일협의,시간협의,문서작성·자료조사,알바,"국민연금, 산재보험, 고용보험, 건강보험",없음,인원미정,장년가능,협의가능 당일지급 주급가능,시급,"9,160원",없음,없음,없음
ㅋㅋㅋ A급 꿀알바 100만원 일시불수당 / 출근없는일,돈 많이 필요하신분/단기주말당일야간카페휴대폰의류잡화피부미용뷰티재택투잡부업,상시모집,15명,무관,25세(1998년생) ~ 70세(1953년생),무관,없음,"['건별', '1,000,000원', '협의가능', 'ㅋㅋㅋ 평균수입은 없어요, 한달에 75만원 버는 사람도 있구요, 한달에 1,800만원 버는 사람도 있거든요. ㅋㅋ']",1년이상,요일협의,시간협의,"매장관리·판매,고객상담·인바운드,금융·보험영업 초보가능","알바, 위촉직(프리랜서)","인센티브제, 고용보험","개인영업, 사업점운영(지사)",친구,없음,"협의가능,ㅋㅋㅋ 평균수입은 없어요, 한달에 75만원 버는 사람도 있구요, 한달에 1,800만원 버는 사람도 있거든요. ㅋㅋ",건별,"1,000,000원",협의가능,(전국어디서나 출근없는일),(전국어디서나 출근없는일(재택/투잡))
교원,[대학생/재택알바/재택근무] 교원그룹 초등 전과목 재택 관리 교사 모집,2022.11.30,00명,무관,무관,대학(4년제) 졸업 이상,"컴퓨터활용가능, 유사업무 경험","['월급', '1,700,000원', '협의가능', '관리 회원 수에 따라 수수료 차등 지급 (영업 활동 일체 없음, 본사에서 회원 배정)']",6개월~1년,요일협의,시간협의,"방문·학습지,교육·강사 기타 초보가능","알바, 위촉직(프리랜서)",각종 경조금,없음,인원미정,없음,"협의가능,관리 회원 수에 따라 수수료 차등 지급 (영업 활동 일체 없음, 본사에서 회원 배정)",월급,"1,700,000원",없음,(주 5일 혹은 주3일),(주5일 근무시 오후 3~9시 혹은 4~10시/주3일 근무시 오후 5~9시 혹은 6~10시)
에임,[재택근무] 꿀알바/카페/단순업로드/재택/초보/학생/직장인/육아맘/누구나,상시모집,00명,무관,무관,무관,없음,"['일급', '150,000원', '당일지급']",1개월~3개월,요일협의,시간협의,"마케팅·광고·홍보,바이럴·SNS마케팅,문서작성·자료조사 초보가능",알바,없음,없음,인원미정,없음,당일지급,일급,"150,000원",협의가능,없음,없음
㈜그루마케팅,"블로그포스팅알바 학생, 주부, 초보 손쉬운 부업알바",상시모집,00명,무관,무관,무관,없음,"['건별', '100,000원']",1개월~3개월,요일협의,시간협의,"사무보조,마케팅·광고·홍보","알바, 계약직",없음,없음,인원미정,없음,없음,건별,"100,000원",없음,없음,(10분)
㈜그루마케팅,5분포스팅 / 간단글업로드 / 원고포스팅 / 블로그포스팅,상시모집,00명,무관,무관,무관,없음,"['건별', '100,000원']",1개월~3개월,요일협의,시간협의,"사무보조,마케팅·광고·홍보,바이럴·SNS마케팅","알바, 계약직",없음,없음,인원미정,없음,없음,건별,"100,000원",없음,없음,(10분)
㈜다이사,재택/초보/부업O)온라인.바이럴 마케팅 프리랜서 모집(시간무관),상시모집,00명,무관,무관,고등학교 졸업 이상,유사업무 경험,"['건별', '10,000원', '단, 프로모션 시행 시, 건당 2배 인상']",1개월~3개월,요일협의,시간협의,"바이럴·SNS마케팅,마케팅·광고·홍보 초보가능",위촉직(프리랜서),없음,없음,"인원미정,친구",없음,"단, 프로모션 시행 시, 건당 2배 인상",건별,"10,000원",협의가능,(요일 무관),(시간 무관)
[면접비 2만원] 안양범계 센터,[재택가능] 10시-3시 [파트타임] 신입 첫달 250만원 (실적무관),2022.12.15,00명,무관,무관,무관,유사업무 경험,"['월급', '2,500,000원']",1년이상,월~금,10:00~15:00,"고객상담·인바운드,금융·보험영업,텔레마케팅·아웃바운드,ACE화재 브랜드 초보가능",위촉직(프리랜서),"월차, 인센티브제, 경조휴가제",없음,"인원미정,친구",장년가능,없음,월급,"2,500,000원",협의가능,없음,없음
확장 [송파천호 센터] AIA 본사직영 상담원,[재택근무][면접선물] 최대1000프로 수당보장 (신입가능,2022.12.13,00명,무관,무관,무관,업무 관련 자격증 소지(생명보험코드(설계사 자격증)),"['월급', '3,500,000원', '협의가능']",1년이상,요일협의,10:00~17:00,"금융·보험영업,텔레마케팅·아웃바운드,안내데스크·리셉션,AIA생명 브랜드 초보가능",위촉직(프리랜서),"연차, 월차, 인센티브제, 장기근속자 포상, 장기근속수당, 경조휴가제, 우수사원 표창/포상, 각종 경조금",없음,"인원미정,친구",장년가능,협의가능,월급,"3,500,000원",없음,없음,없음
바이스퀘어,(급구)제페토 게임 체험 알바 2차(단순 접속이 잘 되는지 테스트),상시모집,00명,무관,무관,무관,없음,"['건별', '5,000원', '협의가능']",하루(1일),요일협의,시간협의,QA·테스터·검증,알바,없음,없음,"인원미정,친구",없음,협의가능,건별,"5,000원",협의가능,없음,없음
펫프로,재택근무 펫보험 상담할 반려인 상담원을 모집합니다.,상시모집,20명,무관,무관,무관,없음,"['시급', '10,000원', '협의가능']",3개월~6개월,요일협의,시간협의,"설문조사·리서치,고객상담·인바운드,금융·보험영업",위촉직(프리랜서),없음,없음,없음,없음,협의가능,시급,"10,000원",없음,없음,없음
웅진씽크빅,[100% 재택] 웅진 스마트올 유초등 상담/담임교사 전국모집,상시모집,30명,무관,무관,무관,유사업무 경험,"['월급', '3,000,000원', '주15시간 이상 근무 시 주휴수당 포함 기준']",3개월~6개월,월~금,14:00~21:00,"보조교사,교육·강사 기타 초보가능",위촉직(프리랜서),각종 경조금,없음,친구,없음,주15시간 이상 근무 시 주휴수당 포함 기준,월급,"3,000,000원",없음,없음,없음
동화세상에듀코 e상상코칭,온라인(재택)또는방문수업/국영수과목선택/초중고학년선택/수업시간조율가능,상시모집,2명,무관,22세(2001년생) ~ 48세(1975년생),"대학(2,3년제) 졸업 이상",유사업무 경험,"['월급', '2,500,000원', '협의가능', '비율제']",1년이상,요일협의,시간협의,"입시·보습학원,방문·학습지,외국어·어학원 초보가능",위촉직(프리랜서),"장기근속자 포상, 우수사원 표창/포상, 인센티브제, 연차, 정기휴가",없음,없음,없음,"협의가능,비율제",월급,"2,500,000원",없음,없음,없음
요기요,"[재택근무/평일,주말 근무선택] 요기요 이용문의 단순 상담 (수도권거주)",상시모집,00명,무관,무관,무관,없음,"['월급', '2,500,000원', '근무시간에 따라 급여 상이(공고확인)']",6개월~1년,요일협의,시간협의,"고객상담·인바운드,배달대행·음식배달,요기요 브랜드 초보가능","정규직, 계약직","국민연금, 고용보험, 산재보험, 건강보험, 연차, 인센티브제, 퇴직금, 각종 경조금, 경조휴가제",없음,인원미정,없음,근무시간에 따라 급여 상이(공고확인),월급,"2,500,000원",없음,(공고확인),(공고확인)
주식회사 케이제이잡,(익일/84400원)개화역.수색역 포장 스캔 물류,상시모집,00명,무관,무관,무관,인근거주,"['일급', '84,400원', '협의가능']",1주일이하,요일협의,09:00~18:00,"상하차·소화물 분류,입출고·창고관리 초보가능","알바, 위촉직(프리랜서)","산재보험, 고용보험, 야간근로수당, 휴일근로수당, 연장근로수당, 장기근속수당",없음,"인원미정,친구",없음,협의가능,일급,"84,400원",없음,없음,(휴게시간 60분)
사이버 스쿨,"[온라인 과외]국어,영어,수학, 과학 선생님 전국 강사모집/재택",2022.12.19,00명,무관,무관,대학(4년제) 졸업 이상,"컴퓨터활용가능, 군필자, 업무 관련 자격증 소지","['연봉', '24,000,000원', '협의가능', '기본 30시간에 210만원 이상 시급 13000원~16000원']",1년이상,요일협의,시간협의,"입시·보습학원,교육·강사 기타,외국어·어학원 초보가능","계약직, 위촉직(프리랜서)","인센티브제, 장기근속자 포상, 각종 경조금, 정기휴가, 연차","교육, 강사, 학원강사, 국어, 영어, 수학, 과학, 재택근무, 논술, 상담교사, 과외, 화상과외, 사범대, 과학탐구, 사회교사",인원미정,없음,"협의가능,기본 30시간에 210만원 이상 시급 13000원~16000원",연봉,"24,000,000원",협의가능,"(주4일에서 5,6일 선택하여 근무)",없음
"엠디비코리아, 블로그 서포터즈 1위",블로그서포터즈/건당10만/당일지급/단기/주말/학생/초보,상시모집,00명,무관,무관,무관,"컴퓨터활용가능, 한글(HWP)가능, 워드가능, 엑셀가능, 유사업무 경험, 대학재학생, 대학휴학생","['건별', '100,000원', '협의가능 당일지급 주급가능', '건당 최소 3만원부터 협의가능/당일지급']",1주일~1개월,월~일,10:00~18:30,"사무보조,마케팅·광고·홍보,바이럴·SNS마케팅 초보가능","알바, 계약직","장기근속수당, 정기보너스, 인센티브제, 장기근속자 포상, 우수사원 표창/포상",없음,"인원미정,친구",장년가능,"협의가능 당일지급 주급가능,건당 최소 3만원부터 협의가능/당일지급",건별,"100,000원",협의가능,없음,(휴게시간 60분)
블로그 서포터즈 지원자 선호도 1등기업 [까레오],[사무보조/재택근무/ 당일지급] 꿀부업알바 건당12만원 블로그포스팅관리,상시모집,00명,무관,무관,무관,"컴퓨터활용가능, 유사업무 경험, 대학재학생, 대학휴학생","['건별', '100,000원', '협의가능 당일지급 주급가능', '급여 협의 가능, 추후 인상 가능']",1주일~1개월,요일협의,시간협의,"마케팅·광고·홍보,바이럴·SNS마케팅,사무보조 초보가능","알바, 계약직",없음,없음,"인원미정,친구",장년가능,"협의가능 당일지급 주급가능,급여 협의 가능, 추후 인상 가능",건별,"100,000원",협의가능,없음,없음
#블로그기자단#박데이터랩,[블로그기자단] 건당10만/당일지급/꿀알바/단기/장기/초보/학생/주부,상시모집,00명,무관,무관,무관,"컴퓨터활용가능, 한글(HWP)가능, 워드가능, 업무 관련 자격증 소지, 유사업무 경험, 대학재학생, 대학휴학생","['건별', '100,000원', '협의가능 당일지급 주급가능', '급여 협의가능']",1주일~1개월,월~일,09:30~17:30,"바이럴·SNS마케팅,사무보조,마케팅·광고·홍보 초보가능","알바, 계약직","야간근로수당, 휴일근로수당, 장기근속수당, 우수사원 표창/포상, 인센티브제, 정기보너스",없음,"인원미정,친구",장년가능,"협의가능 당일지급 주급가능,급여 협의가능",건별,"100,000원",협의가능,없음,(휴게시간 60분)
주식회사 엔지프로젝트,"[간단한 사무보조] 초보/주말 가능, 건당 12만원 블로그 재택근무",상시모집,00명,무관,무관,무관,"컴퓨터활용가능, 한글(HWP)가능, 워드가능, 업무 관련 자격증 소지, 유사업무 경험, 대학재학생, 대학휴학생","['건별', '100,000원', '협의가능 당일지급 주급가능']",1주일~1개월,요일협의,시간협의,"바이럴·SNS마케팅,마케팅·광고·홍보,사무보조 초보가능","알바, 계약직","연차, 월차, 정기휴가, 인센티브제, 정기보너스, 장기근속자 포상, 우수사원 표창/포상, 중식제공, 주차비지원, 주차가능",없음,"인원미정,친구",없음,협의가능 당일지급 주급가능,건별,"100,000원",없음,없음,"(하루 10분, 협의가능)"
"엠디비코리아, 블로그 서포터즈 1위",블로그서포터즈/건당10만/당일지급/단기/주말/학생/초보,상시모집,00명,무관,무관,무관,"컴퓨터활용가능, 한글(HWP)가능, 워드가능, 엑셀가능, 유사업무 경험, 대학재학생, 대학휴학생","['건별', '100,000원', '협의가능 당일지급 주급가능', '건당 최소 3만원부터 협의가능/당일지급']",1주일~1개월,월~일,10:00~18:30,"사무보조,마케팅·광고·홍보,바이럴·SNS마케팅 초보가능","알바, 계약직","장기근속수당, 정기보너스, 인센티브제, 장기근속자 포상, 우수사원 표창/포상",없음,"인원미정,친구",장년가능,"협의가능 당일지급 주급가능,건당 최소 3만원부터 협의가능/당일지급",건별,"100,000원",협의가능,없음,(휴게시간 60분)
#블로그기자단#박데이터랩,[블로그기자단] 건당10만/당일지급/꿀알바/단기/장기/초보/학생/주부,상시모집,00명,무관,무관,무관,"컴퓨터활용가능, 한글(HWP)가능, 워드가능, 업무 관련 자격증 소지, 유사업무 경험, 대학재학생, 대학휴학생","['건별', '100,000원', '협의가능 당일지급 주급가능', '급여 협의가능']",1주일~1개월,월~일,09:30~17:30,"바이럴·SNS마케팅,사무보조,마케팅·광고·홍보 초보가능","알바, 계약직","야간근로수당, 휴일근로수당, 장기근속수당, 우수사원 표창/포상, 인센티브제, 정기보너스",없음,"인원미정,친구",장년가능,"협의가능 당일지급 주급가능,급여 협의가능",건별,"100,000원",협의가능,없음,(휴게시간 60분)
이미지포유,[재택근무] 인물 프리랜서 작가를 모집합니다,상시모집,5명,무관,무관,무관,유사업무 경험,"['건별', '20,000원', '협의가능']",6개월~1년,요일협의,시간협의,"캐릭터·애니메이션디자인,디자인 기타,웹·모바일디자인 초보가능",위촉직(프리랜서),없음,없음,없음,없음,협의가능,건별,"20,000원",협의가능,없음,없음
포지티브라이프컴퍼니㈜,온라인쇼핑몰 AMD (포토샵 필수),2022.12.15,0명,무관,24세(1999년생) ~ 32세(1991년생),"대학(2,3년제) 졸업 이상","포토샵가능, 유사업무 경험","['시급', '11,000원', '주휴수당 포함']",3개월~6개월,요일협의,14:00~18:00,MD·쇼핑몰운영,"알바, 계약직",없음,없음,인원미정,없음,주휴수당 포함,시급,"11,000원",협의가능,(주 5일 (협의가능)),없음
㈜유엔터테인먼트,"카페,pc방,편의점에 청춘을 낭비하지마세요. 인플루언서/비제이/유튜브 등",상시모집,2명,무관,무관,무관,없음,"['월급', '5,000,000원', '주급가능 식대별도지급', '1년 내에 월 천만원 이상 고액 연봉자로 만들어 드리겠습니다.']",1년이상,요일협의,시간협의,"서비스 기타,미디어 기타,방송사·프로덕션 초보가능","알바, 계약직","국민연금, 고용보험, 산재보험, 건강보험, 연차, 정기휴가, 인센티브제, 야간교통비 지급",없음,친구,없음,"주급가능 식대별도지급,1년 내에 월 천만원 이상 고액 연봉자로 만들어 드리겠습니다.",월급,"5,000,000원",협의가능,(원하는 요일에 원하는 만큼 일하실수 있습니다.),(원하는 시간에 일하실수 있습니다.)
[본사] 동화세상에듀코,"#재택근무, 초중고 화상수업 강사님 모십니다 - 비대면 면접&교육",상시모집,00명,무관,무관,대학(4년제) 졸업 이상,없음,"['월급', '2,000,000원', '협의가능 수습기간있음', '비율제 - 주 30시간 수업시 약200만원 + 인센티브']",1년이상,요일협의,시간협의,"입시·보습학원,외국어·어학원,교육·강사 기타 초보가능",위촉직(프리랜서),"연차, 월차, 정기휴가, 인센티브제, 장기근속자 포상, 우수사원 표창/포상, 경조휴가제","국영수 일대일 화상 대면 강사, 국영수 학원강사",인원미정,없음,"협의가능 수습기간있음,비율제 - 주 30시간 수업시 약200만원 + 인센티브",월급,"2,000,000원",협의가능,(요일 선택 가능 (주말 가능)),(자율선택)
㈜제일비엠시,"[안동, 영주] 주류 행사 홍보 단기 알바 모집",2022.12.06,00명,무관,무관,"대학(2,3년제) 졸업 이상","유사업무 경험, 대학재학생, 대학휴학생","['일급', '40,000원', '수습기간있음', '급여는 확실히 지급합니다.']",1개월~3개월,주5일,19:00~22:00,"서빙,판촉도우미,이벤트·행사스텝 초보가능","알바, 계약직",없음,없음,"인원미정,친구",없음,"수습기간있음,급여는 확실히 지급합니다.",일급,"40,000원",없음,"(월, 화, 수, 목, 금)",없음
워커스,"바이럴 마케팅, 재택근무",2022.12.12,0명,무관,무관,고등학교 졸업 이상,유사업무 경험,"['시급', '10,000원', '협의가능']",6개월~1년,주5일,09:30~18:00,"마케팅·광고·홍보,사무보조,바이럴·SNS마케팅",알바,없음,"컨텐츠작성, 바이럴마케팅",인원미정,없음,협의가능,시급,"10,000원",협의가능,"(월, 화, 수, 목, 금)",없음
쿠팡이츠,[재택근무 100%] 쿠팡이츠(음식배달 어플) 배달 관련 문의 상담,상시모집,00명,무관,무관,무관,없음,"['월급', '2,300,000원', '상세급여 공고확인']",6개월~1년,주5일,12:00~21:00,"고객상담·인바운드,쇼핑몰인바운드,배달대행·음식배달,쿠팡이츠 브랜드 초보가능",정규직,"국민연금, 고용보험, 산재보험, 건강보험, 연차, 퇴직금, 각종 경조금",없음,인원미정,없음,상세급여 공고확인,월급,"2,300,000원",없음,없음,(휴게시간 60분)
### 아웃소싱 채용매니져 모집 ###,## 아웃소싱 관리직 채용 ##,상시모집,00명,무관,무관,무관,"컴퓨터활용가능, 차량소지","['건별', '250,000원']",1년이상,월~금,시간협의,"인사·총무,문서작성·자료조사,고객상담·인바운드 초보가능","정규직, 위촉직(프리랜서)","고용보험, 국민연금, 산재보험, 건강보험, 연차, 퇴직금, 연월차수당, 중식제공, 주차가능, 근무복 지급",없음,"인원미정,친구",없음,없음,건별,"250,000원",협의가능,없음,(본인 선택)
연세스마트학원,초등부 영어쌤 구합니다.,2022.12.10,1명,여자,21세(2002년생) ~ 44세(1979년생),"대학(2,3년제) 졸업 이상",유사업무 경험,"['시급', '14,000원']",1년이상,주5일,시간협의,"입시·보습학원,교육·강사 기타,외국어·어학원","알바, 정규직",없음,없음,없음,없음,없음,시급,"14,000원",없음,"(월, 화, 수, 목, 금)",(오후2시 부터 오후 7시30분)
코웨이,[재택근무] 코웨이 인바운드 상담원 모집 (수도권거주),상시모집,00명,무관,무관,무관,없음,"['월급', '2,500,000원', '상세내역 공고확인']",6개월~1년,월~금,09:00~18:00,고객상담·인바운드 초보가능,정규직,"국민연금, 고용보험, 산재보험, 건강보험, 연차, 인센티브제, 퇴직금, 각종 경조금, 경조휴가제",없음,인원미정,없음,상세내역 공고확인,월급,"2,500,000원",없음,없음,(휴게시간 60분)
화상면접 / 쿠팡이츠 고객센터,재택근무 / 12시-21시 / 배달앱 인바운드 상담,상시모집,00명,무관,무관,고등학교 졸업 이상,유사업무 경험,"['월급', '2,300,000원', '공고 확인 부탁드립니다.']",1년이상,요일협의,시간협의,"고객상담·인바운드,텔레마케팅·아웃바운드,쇼핑몰인바운드 초보가능",정규직,"고용보험, 국민연금, 산재보험, 건강보험, 퇴직연금, 연차, 휴일근로수당, 연장근로수당, 우수사원 표창/포상, 인센티브제, 명절 귀향비 지급, 각종 경조금, 경조휴가제",없음,"인원미정,친구",없음,공고 확인 부탁드립니다.,월급,"2,300,000원",없음,(공고확인 부탁드립니다.),(공고확인 부탁드립니다.)
윤선생베이직 5년연속 전국1등센타,[재택/자유시간제] 원격관리교사 모집,상시모집,0명,무관,무관,대학(4년제) 졸업 이상,"영어가능, 컴퓨터활용가능, 유사업무 경험","['시급', '25,000원', '협의가능 수습기간있음', '시급 환산시 22,000원~28,000원( 면접시 상세안내 드림)']",1년이상,주5일,시간협의,"외국어·어학원,교육·강사 기타 초보가능","알바, 위촉직(프리랜서)",우수사원 표창/포상,없음,"인원미정,친구",없음,"협의가능 수습기간있음,시급 환산시 22,000원~28,000원( 면접시 상세안내 드림)",시급,"25,000원",없음,없음,(원하는 시간 선택가능)
[본사]동화세상에듀코,"#ON,OFF 파트강사 채용 #화상면접 #재택근무",상시모집,00명,무관,무관,대학(4년제) 졸업 이상,없음,"['시급', '15,800원', '협의가능 수습기간있음']",6개월~1년,요일협의,시간협의,"입시·보습학원,외국어·어학원,교육·강사 기타",위촉직(프리랜서),없음,없음,인원미정,없음,협의가능 수습기간있음,시급,"15,800원",협의가능,없음,없음
주식회사 와이엠엔터테인먼트,"[건당20,000원] 연예인 마케팅 원고작성 재택근무자 모집",상시모집,00명,무관,무관,무관,없음,"['건별', '20,000원', '상세내용 공고 참조']",1년이상,요일협의,시간협의,"마케팅·광고·홍보,바이럴·SNS마케팅,문서작성·자료조사 초보가능","알바, 계약직",없음,"재택근무, 원고작성",인원미정,없음,상세내용 공고 참조,건별,"20,000원",협의가능,없음,없음
티코,이보다 쉬운 꿀알바는 없다 인터넷방송 방청/단기/주부/주말 재택근무가능,상시모집,00명,무관,20세(2003년생) ~ 65세(1958년생),무관,없음,"['건별', '5,000원']",1개월~3개월,요일협의,시간협의,"바이럴·SNS마케팅,서비스 기타","알바, 위촉직(프리랜서)",없음,없음,인원미정,장년가능,없음,건별,"5,000원",없음,없음,없음
Aston&Drake,(초단기) 대화 수집 아르바이트 -친구와 2인 1조로 참여 가능,2022.12.05,00명,무관,14세(2009년생) ~ 20세(2003년생),무관,컴퓨터활용가능,"['시급', '25,000원', '주급가능']",1주일이하,요일협의,시간협의,"공공기관·공기업·협회,데이터수집·가공 초보가능",알바,없음,없음,"인원미정,친구",청소년가능,주급가능,시급,"25,000원",11.29(화) ~ 12.05(월),없음,없음
다모아,TM 재택근무,상시모집,00명,무관,무관,무관,없음,"['일급', '100,000원', '협의가능']",1년이상,주5일,시간협의,"텔레마케팅·아웃바운드,고객상담·인바운드,ADT캡스 브랜드 초보가능","계약직, 위촉직(프리랜서)",없음,없음,"인원미정,친구",장년가능,협의가능,일급,"100,000원",협의가능,없음,없음
유명 외국계 회사,[재택근무] 외국계 여행사 CS/초봉 3400/정규직,상시모집,00명,무관,무관,무관,"영어가능, 유사업무 경험","['연봉', '34,000,000원', '협의가능', '야간, 휴일 근로수당 별도']",1년이상,요일협의,시간협의,고객상담·인바운드,정규직,"국민연금, 고용보험, 산재보험, 건강보험, 연차, 정기보너스, 퇴직금, 야간근로수당, 휴일근로수당, 연장근로수당",없음,"인원미정,친구",없음,"협의가능,야간, 휴일 근로수당 별도",연봉,"34,000,000원",없음,"(주5일근무, 재택근무)",(7시 30분 ~ 22시 30분 사이 협의)
유명 외국계 회사,[재택근무] 외국계 여행사 CS/초봉 3400/정규직,상시모집,00명,무관,무관,무관,"영어가능, 유사업무 경험","['연봉', '34,000,000원', '협의가능', '야간, 휴일 근로수당 별도']",1년이상,요일협의,시간협의,고객상담·인바운드,정규직,"국민연금, 고용보험, 산재보험, 건강보험, 연차, 정기보너스, 퇴직금, 야간근로수당, 휴일근로수당, 연장근로수당",없음,"인원미정,친구",없음,"협의가능,야간, 휴일 근로수당 별도",연봉,"34,000,000원",없음,"(주5일근무, 재택근무)",(7시 30분 ~ 22시 30분 사이 협의)
유명 외국계 회사,[재택근무] 고객 CS 담당자/ 정규직/초봉 3400 이상,상시모집,00명,무관,무관,무관,"영어가능, 유사업무 경험","['연봉', '34,000,000원', '협의가능', '야간, 휴일 근로수당 별도']",1년이상,요일협의,시간협의,고객상담·인바운드,정규직,"국민연금, 고용보험, 산재보험, 건강보험, 연차, 정기보너스, 퇴직금, 야간근로수당, 휴일근로수당, 연장근로수당",없음,"인원미정,친구",없음,"협의가능,야간, 휴일 근로수당 별도",연봉,"34,000,000원",없음,"(주5일근무, 재택근무)",(7시 30분 ~ 22시 30분 사이 협의)
㈜동화세상에듀코,"[전국]화상,방문교사모집(국,영,수,과,사,코딩,코칭)",상시모집,00명,무관,무관,무관,"영어가능, 일본어가능, 컴퓨터활용가능, 업무 관련 자격증 소지, 군필자, 유사업무 경험","['월급', '2,500,000원', '협의가능', '회사내규에 따름. 수업시간에 따라 달라짐']",1년이상,요일협의,시간협의,"외국어·어학원,방문·학습지,입시·보습학원 초보가능",위촉직(프리랜서),"정기휴가, 고용보험, 산재보험, 인센티브제, 장기근속자 포상, 우수사원 표창/포상, 경조휴가제",없음,"인원미정,친구",없음,"협의가능,회사내규에 따름. 수업시간에 따라 달라짐",월급,"2,500,000원",없음,"(주30시간 이상 가능자(오전만 불가, 주말가능))","(주 30시간 이상(오전만 불가, 주말가능))"
비상교육 이러닝,[재택]온리원 중등 해피콜 단기아르바이트 모집,2022.12.06,6명,무관,무관,무관,유사업무 경험,"['건별', '1,036,800원', '업무 기간 내 총 급여 1,036,800원']",1주일~1개월,월~금,14:00~20:30,"고객상담·인바운드,텔레마케팅·아웃바운드,콜센터관리·모니터링","알바, 파견직",없음,없음,없음,없음,"업무 기간 내 총 급여 1,036,800원",건별,"1,036,800원",12.12(월) ~ 12.30(금),없음,(휴게시간 30분)
플라이애드,하루2분 2000원 재택알바.주부알바.재택근무.단순알바 구인합니다.,상시모집,0명,무관,무관,무관,없음,"['건별', '2,000원']",6개월~1년,요일협의,시간협의,서비스 기타 초보가능,알바,없음,없음,"인원미정,친구",없음,없음,건별,"2,000원",협의가능,없음,없음
더바른마케팅,재택부업/까페댓글관리/건당 주급정산,2022.12.20,00명,무관,무관,무관,없음,"['주급', '10,000원', '협의가능']",1개월~3개월,요일협의,시간협의,"바이럴·SNS마케팅,문서작성·자료조사,마케팅·광고·홍보","알바, 위촉직(프리랜서)",없음,없음,인원미정,없음,협의가능,주급,"10,000원",없음,없음,없음
TheCORE학습코칭,[졸업예정자 가능] 집에서 온라인수업/과외/가르치는 것 좋아하는 분,2022.12.20,00명,무관,무관,"대학(2,3년제) 졸업 이상",없음,"['시급', '20,000원', '13000원~28000원 / 시급']",1년이상,요일협의,시간협의,"입시·보습학원,외국어·어학원,독서·논술·스피치학원 초보가능",위촉직(프리랜서),없음,없음,"인원미정,친구",없음,13000원~28000원 / 시급,시급,"20,000원",없음,없음,없음
찜알바,"네이버 찜알바1000원(재택,1분이면 1000원",상시모집,0명,무관,무관,무관,"군필자, 대학재학생, 대학휴학생","['건별', '1,000원', '협의가능 당일지급']",1주일이하,요일협의,시간협의,"텔레마케팅·아웃바운드,바이럴·SNS마케팅,마케팅·광고·홍보 초보가능",알바,없음,없음,"인원미정,친구",없음,협의가능 당일지급,건별,"1,000원",협의가능,없음,없음
㈜힐링투어라인,주4일 재택근무/국내/해외 여행상품 상담 및 고객관리/쇼핑몰관리,2022.12.18,2명,무관,무관,무관,"컴퓨터활용가능, 포토샵가능, 한글(HWP)가능, 파워포인트가능, 운전가능, 유사업무 경험","['월급', '1,600,000원', '성과급 및 여행기획 개발비 지급']",3개월~6개월,요일협의,09:30~17:30,"여행·캠프·레포츠,웹·콘텐츠기획","알바, 계약직","국민연금, 고용보험, 산재보험, 건강보험, 월차","고객상담, 쇼핑몰관리",없음,없음,성과급 및 여행기획 개발비 지급,월급,"1,600,000원",협의가능,(주3일 하루 7시간/ 요일 협의가능/ 월1회-2회 출근(미팅)),(휴게시간 60분)
오픈스톤,인스타그램 간단한 운영,2022.12.04,1명,무관,무관,무관,유사업무 경험,"['월급', '1,000,000원']",1개월~3개월,월~금,시간협의,마케팅·광고·홍보,"알바, 위촉직(프리랜서)",없음,"마케팅, SNS",없음,없음,없음,월급,"1,000,000원",없음,없음,(편한시간대 일 2~3시간)
㈜ 드림피플파트너스,중증장애인전형/일4시간/재택/사무보조/ 월 96만,2022.12.02,00명,무관,무관,무관,"한글(HWP)가능, 엑셀가능, 업무 관련 자격증 소지, 유사업무 경험","['월급', '960,000원', '협의가능']",6개월~1년,월~금,시간협의,"문서작성·자료조사,사무보조",계약직,"국민연금, 고용보험, 산재보험, 건강보험, 연차",없음,인원미정,없음,협의가능,월급,"960,000원",없음,없음,(일 4시간)
㈜ 드림피플파트너스,중증장애인전형/일4시간/재택/디자인 업무/ 월 120만,2022.12.09,00명,무관,무관,무관,"한글(HWP)가능, 엑셀가능, 업무 관련 자격증 소지, 유사업무 경험","['월급', '1,200,000원', '협의가능']",6개월~1년,월~금,시간협의,"문서작성·자료조사,디자인 기타",계약직,"국민연금, 고용보험, 산재보험, 건강보험, 연차",없음,인원미정,없음,협의가능,월급,"1,200,000원",없음,없음,(일 4시간 근무)
㈜온택팩토리,재택 - 메타버스 나이트클럽 DJ / metaclubnight.co.kr,2022.11.30,1명,무관,25세(1998년생) ~ 35세(1988년생),무관,"컴퓨터활용가능, 유사업무 경험","['일급', '90,000원', '협의가능 주급가능', '매주 주말 (주급으로 지급)']",1개월~3개월,요일협의,20:30~23:30,"안내데스크·리셉션,전시·컨벤션·세미나,서비스 기타",알바,인센티브제,없음,없음,없음,"협의가능 주급가능,매주 주말 (주급으로 지급)",일급,"90,000원",협의가능,(주 3일),없음
#방씨기획 #꿀알바 #건당 최대10만원,"[재택근무/당일지급]학생,주부,초보,직장인 누구나 가능 야간,주말도 가능",상시모집,00명,무관,무관,무관,"컴퓨터활용가능, 한글(HWP)가능, 워드가능, 업무 관련 자격증 소지, 유사업무 경험, 대학재학생, 대학휴학생","['건별', '100,000원', '협의가능 당일지급 주급가능']",1주일~1개월,월~금,10:00~15:00,"마케팅·광고·홍보,바이럴·SNS마케팅,사무보조 초보가능","알바, 계약직",없음,없음,"인원미정,친구",없음,협의가능 당일지급 주급가능,건별,"100,000원",협의가능,없음,없음
㈜레브잇,올웨이즈 커머스 고객문의 응대 업무 (재택근무),상시모집,0명,무관,무관,무관,"업무 관련 자격증 소지, 유사업무 경험","['월급', '2,600,000원', '협의가능']",1개월~3개월,월~금,09:00~18:00,"고객상담·인바운드,사무보조",계약직,"월차, 건강보험, 산재보험, 고용보험, 국민연금, 야간근로수당, 휴일근로수당, 연장근로수당",없음,인원미정,없음,협의가능,월급,"2,600,000원",협의가능,없음,없음
#방씨기획 #꿀알바 #건당 최대10만원,"[재택근무/당일지급]학생,주부,초보,직장인 누구나 가능 야간,주말도 가능",상시모집,00명,무관,무관,무관,"컴퓨터활용가능, 한글(HWP)가능, 워드가능, 업무 관련 자격증 소지, 유사업무 경험, 대학재학생, 대학휴학생","['건별', '100,000원', '협의가능 당일지급 주급가능']",1주일~1개월,월~금,10:00~15:00,"마케팅·광고·홍보,바이럴·SNS마케팅,사무보조 초보가능","알바, 계약직",없음,없음,"인원미정,친구",없음,협의가능 당일지급 주급가능,건별,"100,000원",협의가능,없음,없음
노이지마케팅,병의원 병원 원고작성 작가모집 (경력만),상시모집,00명,무관,무관,무관,없음,"['시급', '9,160원', '협의가능 당일지급 주급가능']",3개월~6개월,요일협의,시간협의,문서작성·자료조사,알바,"국민연금, 산재보험, 고용보험, 건강보험",없음,인원미정,장년가능,협의가능 당일지급 주급가능,시급,"9,160원",없음,없음,없음
바로상담가능#[한국블로그마케팅],블로그기자단/건당10만/당일지급/학생/주부/초보/주말/야간/단기,상시모집,00명,무관,무관,무관,"컴퓨터활용가능, 유사업무 경험, 대학재학생, 대학휴학생","['건별', '100,000원', '협의가능 당일지급 주급가능', '급여 협의 가능, 추후 인상 가능']",1주일~1개월,요일협의,시간협의,"바이럴·SNS마케팅,사무보조 초보가능","알바, 계약직",없음,없음,"인원미정,친구",장년가능,"협의가능 당일지급 주급가능,급여 협의 가능, 추후 인상 가능",건별,"100,000원",협의가능,없음,없음
e상상코칭부,e상상코칭-확실한 성장2가지) 강사역량up+자기계발전폭지원,상시모집,5명,무관,무관,"대학(2,3년제) 졸업 이상","컴퓨터활용가능, 업무 관련 자격증 소지, 유사업무 경험","['월급', '3,000,000원', '협의가능 수습기간있음']",1년이상,요일협의,시간협의,"입시·보습학원,외국어·어학원,방문·학습지 초보가능",위촉직(프리랜서),"월차, 정기휴가, 인센티브제, 우수사원 표창/포상, 경조휴가제","영어, 수학, 국어, 학습코칭, 과학",친구,없음,협의가능 수습기간있음,월급,"3,000,000원",협의가능,없음,없음
㈜동화세상에듀코,#재택가능/ 화상&방문수업가능/ 전국초중고 강사채용(경력무관),2022.12.02,2명,무관,무관,대학(4년제) 졸업 이상,"영어가능, 차량소지, 유사업무 경험","['시급', '17,000원', '협의가능', '신입사원 기준 (중등 15,000, 고등 17,000), 신입지원금, 급수 및 회원 학년에 따른 차등지급']",1년이상,요일협의,시간협의,"입시·보습학원,외국어·어학원,교육·강사 기타 초보가능",위촉직(프리랜서),"인센티브제, 산재보험, 고용보험","방문강사, 온라인강사",없음,없음,"협의가능,신입사원 기준 (중등 15,000, 고등 17,000), 신입지원금, 급수 및 회원 학년에 따른 차등지급",시급,"17,000원",없음,(탄력적 근무 가능),없음
바로상담가능#[한국블로그마케팅],블로그기자단/건당10만/당일지급/학생/주부/초보/주말/야간/단기,상시모집,00명,무관,무관,무관,"컴퓨터활용가능, 유사업무 경험, 대학재학생, 대학휴학생","['건별', '100,000원', '협의가능 당일지급 주급가능', '급여 협의 가능, 추후 인상 가능']",1주일~1개월,요일협의,시간협의,"바이럴·SNS마케팅,사무보조 초보가능","알바, 계약직",없음,없음,"인원미정,친구",장년가능,"협의가능 당일지급 주급가능,급여 협의 가능, 추후 인상 가능",건별,"100,000원",협의가능,없음,없음
리즈택스,[재택근무]세무컨설팅 TM/텔레마케팅 프리랜서 채용공고,상시모집,0명,무관,무관,무관,유사업무 경험,"['월급', '3,500,000원', '협의가능', '실적에 따른 고 인센티브제']",1년이상,주5일,시간협의,텔레마케팅·아웃바운드,위촉직(프리랜서),인센티브제,없음,인원미정,없음,"협의가능,실적에 따른 고 인센티브제",월급,"3,500,000원",협의가능,없음,없음
동화세상에듀코,재택근무/화상영어/ 전화영어/화상중국어)(회원회사자체지원)(월-금수업),2022.12.20,2명,무관,무관,"대학(2,3년제) 졸업 이상","영어가능, 중국어가능","['월급', '2,000,000원']",1년이상,월~금,시간협의,"외국어·어학원,교육·강사 기타",위촉직(프리랜서),"정기휴가, 우수사원 표창/포상","전화화상영어회화강사, 화상중국어회화강사",친구,없음,없음,월급,"2,000,000원",협의가능,없음,(수업가능시간 조률가능)
CLEONOMOS(블로그),[블로그포스팅꿀알바] 재택근무/건당20만원/당일지급/투잡부업알바/단기알바,상시모집,00명,무관,무관,무관,없음,"['건별', '200,000원', '협의가능 당일지급']",3개월~6개월,요일협의,시간협의,바이럴·SNS마케팅 초보가능,알바,없음,없음,인원미정,장년가능,협의가능 당일지급,건별,"200,000원",협의가능,없음,없음
클레오노모스(블로그),[블로그포스팅알바] 당일지급/건당20만원/재택근무/부업알바/단기알바/투잡,상시모집,00명,무관,무관,무관,없음,"['건별', '200,000원', '협의가능 당일지급']",3개월~6개월,요일협의,시간협의,바이럴·SNS마케팅 초보가능,알바,없음,없음,인원미정,장년가능,협의가능 당일지급,건별,"200,000원",협의가능,없음,없음
NOISYMARKETING(블로그),블로그꿀알바/당일지급/건당20만원/재택근무/부업알바/단기알바/투잡꿀알바,상시모집,00명,무관,무관,무관,없음,"['건별', '200,000원', '당일지급']",3개월~6개월,요일협의,시간협의,바이럴·SNS마케팅 초보가능,알바,없음,없음,인원미정,없음,당일지급,건별,"200,000원",협의가능,없음,없음
노이지마케팅(블로그),블로그포스팅알바/건당20만원/당일지급/재택근무/부업알바/투잡알바/단기알바,상시모집,00명,무관,무관,무관,없음,"['건별', '200,000원', '당일지급']",3개월~6개월,요일협의,시간협의,바이럴·SNS마케팅 초보가능,알바,없음,없음,인원미정,없음,당일지급,건별,"200,000원",협의가능,없음,없음
쿠팡이츠 [재택근무]],[재택근무] 쿠팡이츠 단순응대 (쉬운업무),2022.12.06,00명,무관,무관,고등학교 졸업 이상,유사업무 경험,"['월급', '2,350,000원']",6개월~1년,주5일,12:00~21:00,"고객상담·인바운드,텔레마케팅·아웃바운드,영업관리·지원 초보가능",정규직,"국민연금, 고용보험, 산재보험, 건강보험, 연차, 인센티브제, 퇴직금, 각종 경조금, 경조휴가제",없음,"인원미정,친구",없음,없음,월급,"2,350,000원",없음,없음,(휴게시간 60분)
㈜트렌디스,[재택] 전화TM영업 / 시간협의가능 / 업무폰지급 / 재택&부업&투잡,2022.12.15,5명,무관,무관,무관,"엑셀가능, 한글(HWP)가능, 유사업무 경험","['건별', '300,000원', '인센티브 추가 지급']",3개월~6개월,월~금,시간협의,"텔레마케팅·아웃바운드,설문조사·리서치,고객상담·인바운드","알바, 위촉직(프리랜서)",인센티브제,없음,친구,없음,인센티브 추가 지급,건별,"300,000원",협의가능,없음,(10:00 ~ 18:00 中 일 최소 5시간 이상 근무)
㈜그루마케팅,5분포스팅 / 간단글업로드 / 원고포스팅 / 블로그포스팅,상시모집,00명,무관,무관,무관,없음,"['건별', '100,000원']",1개월~3개월,요일협의,시간협의,"사무보조,마케팅·광고·홍보,바이럴·SNS마케팅","알바, 계약직",없음,없음,인원미정,없음,없음,건별,"100,000원",없음,없음,(10분)
㈜그루마케팅,"블로그포스팅알바 학생, 주부, 초보 손쉬운 부업알바",상시모집,00명,무관,무관,무관,없음,"['건별', '100,000원']",1개월~3개월,요일협의,시간협의,"사무보조,마케팅·광고·홍보","알바, 계약직",없음,없음,인원미정,없음,없음,건별,"100,000원",없음,없음,(10분)
㈜그루마케팅,재택알바/초보가능/포스팅알바/건10만/원고작성,상시모집,00명,무관,무관,무관,없음,"['건별', '100,000원']",1개월~3개월,요일협의,시간협의,"사무보조,마케팅·광고·홍보","알바, 계약직",없음,없음,인원미정,없음,없음,건별,"100,000원",없음,없음,(10분)
㈜그루마케팅,"[건당10만/초보가능] 블로그포스팅,키워드포스팅,원고발행",상시모집,00명,무관,무관,무관,없음,"['건별', '100,000원']",1개월~3개월,요일협의,시간협의,"사무보조,마케팅·광고·홍보","알바, 계약직",없음,없음,인원미정,없음,없음,건별,"100,000원",없음,없음,(10분)
스터디 메이킹,[서울본사/재택/27년기업] 일잘하고 잘 쉬는 수학 영어 국어 과학 코치,상시모집,3명,무관,무관,대학(4년제) 졸업 이상,"컴퓨터활용가능, 포토샵가능, 엑셀가능, 파워포인트가능, 군필자, 업무 관련 자격증 소지(정교사 2급, 교과 전공), 유사업무 경험","['월급', '3,000,000원', '협의가능 수습기간있음', '주40시간 수업시, 250~350만원+알파']",1년이상,요일협의,시간협의,"입시·보습학원,외국어·어학원,교육·강사 기타 초보가능",위촉직(프리랜서),"연차, 월차, 정기휴가, 우수사원 표창/포상, 장기근속자 포상, 각종 경조금, 경조휴가제, 산재보험, 고용보험","국어, 수학, 영어, 과학, 사회, 코딩, 플래너, 코칭, 입시",친구,없음,"협의가능 수습기간있음,주40시간 수업시, 250~350만원+알파",월급,"3,000,000원",협의가능,"(주1회 온라인 교육일정, 주1회 일대일미팅)",없음
행복한마케팅,[카톡 간편 지원/재택]정보성 원고 작성 작가님 모집,상시모집,50명,무관,무관,대학(4년제) 졸업 이상,"유사업무 경험, 대학재학생, 대학휴학생","['건별', '6,000원', '협의가능']",1개월~3개월,요일협의,시간협의,마케팅·광고·홍보,알바,없음,없음,친구,없음,협의가능,건별,"6,000원",협의가능,없음,없음
에드유,[재택알바] 블로그 포스팅 원고 작성 작가님 모집합니다.,상시모집,0명,무관,무관,무관,없음,"['건별', '4,000원']",3개월~6개월,요일협의,시간협의,바이럴·SNS마케팅 초보가능,"알바, 계약직",없음,없음,"인원미정,친구",없음,없음,건별,"4,000원",협의가능,(재택근무),(재택근무)
㈜금솔커뮤니케이션,웹디자이너 카드뉴스(포스팅)이미지 제작 (재택아르바이트 모집),2022.12.06,0명,무관,무관,무관,없음,"['건별', '3,500원', '이미지 개당 3,500원']",6개월~1년,요일협의,시간협의,웹·모바일디자인,알바,없음,없음,인원미정,없음,"이미지 개당 3,500원",건별,"3,500원",협의가능,없음,(재택)
큐픽스,[야간/재택근무] 3D 투어 검수/편집,상시모집,00명,무관,무관,무관,"엑셀가능, 포토샵가능","['월급', '3,000,000원']",1개월~3개월,월~금,20:00~06:00,"그래픽·영상·편집디자인,CAD·CAM·인테리어디자인",알바,"국민연금, 고용보험, 건강보험, 산재보험, 연차",없음,인원미정,없음,없음,월급,"3,000,000원",없음,없음,(익일)(휴게시간 120분)
㈜)교원구몬,(주2-5일가능/초보/주부가능) 구몬선생님을 모집합니다.,상시모집,1명,무관,무관,"대학(2,3년제) 졸업 이상","유사업무 경험, 인근거주","['월급', '2,000,000원', '1~5일까지 근무시간 선택가능하며 그에 따라 급여가 변동됩니다. (주5일 근무시 2,000,000원)']",6개월~1년,요일협의,시간협의,"보조교사,방문·학습지,유아·유치원,구몬학습 브랜드 초보가능",위촉직(프리랜서),"산재보험, 정기휴가, 인센티브제, 장기근속자 포상, 각종 경조금, 경조휴가제",없음,없음,없음,"1~5일까지 근무시간 선택가능하며 그에 따라 급여가 변동됩니다. (주5일 근무시 2,000,000원)",월급,"2,000,000원",없음,(주2-3일 또는 3-4일 가능 협의 및 조절가능),없음
댓츠잇 주식회사,서비스 안내 아웃바운드 TM,상시모집,1명,무관,무관,무관,없음,"['시급', '10,000원', '협의가능']",1개월~3개월,월~금,10:00~05:00,텔레마케팅·아웃바운드,알바,없음,없음,없음,없음,협의가능,시급,"10,000원",없음,없음,(익일)
호원앤컴퍼니㈜,[재택] 구글 엑셀 시트 관리,2022.12.19,00명,무관,무관,무관,"컴퓨터활용가능, 엑셀가능","['시급', '9,160원', '협의가능']",1년이상,월~금,시간협의,문서작성·자료조사,알바,없음,없음,인원미정,없음,협의가능,시급,"9,160원",협의가능,없음,(평일 오전 )
호원앤컴퍼니㈜,[재택]포스팅 원고 작성 및 포스팅 업로드 아르바이트 모집,2022.12.19,00명,무관,무관,무관,없음,"['건별', '10,000원', '글자 수 등에 따라 다릅니다. 상세 내역 확인 바랍니다.']",1년이상,요일협의,시간협의,바이럴·SNS마케팅,알바,없음,"바이럴 원고 작성, 블로그 업로드","인원미정,친구",장년가능,글자 수 등에 따라 다릅니다. 상세 내역 확인 바랍니다.,건별,"10,000원",협의가능,없음,(재택 자율 )
익스온플러스,한국사 강사 모집,2022.12.19,1명,무관,무관,"대학(2,3년제) 졸업 이상","업무 관련 자격증 소지, 유사업무 경험","['건별', '30,000원', '* 급여는 최저 타임당 14,000원이며, 경력에 따라 차등 지급합니다.']",6개월~1년,요일협의,시간협의,"교육·강사 기타,입시·보습학원,외국어·어학원","계약직, 위촉직(프리랜서)",없음,없음,없음,없음,"* 급여는 최저 타임당 14,000원이며, 경력에 따라 차등 지급합니다.",건별,"30,000원",없음,없음,없음
주식회사 디엔와이 (D&Y),[편집디자이너 구인] 기존내용에 내용수정만 해주실 편집디자이너 구인,상시모집,1명,무관,무관,무관,없음,"['건별', '300,000원', '협의가능', '1월 5일(3.3% 원청징수)']",1주일~1개월,요일협의,시간협의,"편집·교정·교열,디자인 기타,제품·산업디자인","알바, 위촉직(프리랜서)",없음,없음,없음,없음,"협의가능,1월 5일(3.3% 원청징수)",건별,"300,000원","11.29(화) ~ 12.23(금),협의가능",없음,없음
JobWanted,[재택근무] 호텔 +항공 예약 고객 상담 업무,상시모집,5명,무관,무관,무관,영어가능,"['월급', '2,400,000원', '협의가능']",6개월~1년,주5일,시간협의,고객상담·인바운드,"계약직, 파견직",없음,없음,없음,없음,협의가능,월급,"2,400,000원",없음,없음,(스케줄 업무 )
부킹컴퍼니,재택근무 / 광고영업 / 아웃바운드 TM / DB제공 / 초보가능,상시모집,00명,무관,무관,무관,유사업무 경험,"['건별', '500,000원', '협의가능']",3개월~6개월,요일협의,시간협의,"마케팅·광고·홍보,텔레마케팅·아웃바운드",위촉직(프리랜서),없음,없음,"인원미정,친구",없음,협의가능,건별,"500,000원",없음,없음,없음
클립소프트,주5일/자택근무/당일지급/월400이상,상시모집,00명,무관,무관,고등학교 졸업 이상,"컴퓨터활용가능, 유사업무 경험","['월급', '4,000,000원', '당일지급']",3개월~6개월,월~금,10:00~17:00,텔레마케팅·아웃바운드 초보가능,"알바, 정규직",없음,없음,"인원미정,친구",없음,당일지급,월급,"4,000,000원",협의가능,없음,없음
헤시마켓,[재택근무] 쇼핑몰 상품 단순 업로드직 알바 구함 (부업가능),상시모집,00명,무관,무관,무관,없음,"['건별', '250원']",3개월~6개월,요일협의,시간협의,사무보조,알바,없음,없음,인원미정,없음,없음,건별,250원,협의가능,(편한시간대 가능),(업무시간 자유로움. 미리 협의.)
익스페셜컴퍼니,"(재택알바) 초보가능 원고작성, 글쓰기 알바 혹은 프리랜서를 모집합니다.",상시모집,20명,무관,무관,무관,없음,"['월급', '520,000원']",6개월~1년,월~금,시간협의,문서작성·자료조사 초보가능,알바,없음,없음,친구,없음,없음,월급,"520,000원",없음,없음,없음
㈜하나에치디,플레이도우(폼클레이)를 잘 만지는 분을 찾습니다,2022.12.05,1명,무관,무관,무관,없음,"['건별', '200,000원', '협의가능 당일지급']",3개월~6개월,요일협의,시간협의,유아·유치원,알바,없음,없음,없음,없음,협의가능 당일지급,건별,"200,000원",없음,없음,(스튜디오 2~3시간 촬영)
㈜닐리리아,[프리랜서/재택] 웹툰 [중국어] 식자 디자이너 모집,상시모집,00명,무관,무관,무관,컴퓨터활용가능,"['건별', '34,400원']",6개월~1년,요일협의,시간협의,"캐릭터·애니메이션디자인,그래픽·영상·편집디자인,디자인 기타",위촉직(프리랜서),없음,없음,인원미정,없음,없음,건별,"34,400원",없음,없음,없음
백파식당,"홀 직원 및 아르바이트 남,여 구함",상시모집,00명,무관,무관,무관,없음,"['시급', '10,000원', '홀 직원 7~8시간 근무 급여 250만원']",6개월~1년,요일협의,시간협의,"서빙,주방장·조리사,일반음식점 초보가능","알바, 정규직","국민연금, 산재보험, 건강보험, 고용보험, 퇴직금",없음,인원미정,없음,홀 직원 7~8시간 근무 급여 250만원,시급,"10,000원",협의가능,(월 화 수 목 금 토 ),(오픈조 5시-10시 마감조 8시-12시에서 1시 사이)
블랙벨,[재택근무]온라인쇼핑몰 상품등록알바,상시모집,1명,무관,20세(2003년생) ~ 35세(1988년생),무관,없음,"['건별', '1,000원']",3개월~6개월,월~금,시간협의,MD·쇼핑몰운영,알바,없음,없음,없음,없음,없음,건별,"1,000원",없음,없음,없음
난다스토,[재택근무]쇼핑몰 상품 단순 업로드직 알바 구함(부업가능),2022.12.04,00명,무관,무관,무관,없음,"['건별', '250원']",3개월~6개월,요일협의,시간협의,사무보조,알바,없음,없음,인원미정,없음,없음,건별,250원,없음,(업무시간 자유로움. 미리협의),(업무시간 자유로움. 미리협의)
자베르,[재택근무]온라인쇼핑몰 상품등록알바,상시모집,1명,무관,20세(2003년생) ~ 35세(1988년생),무관,"컴퓨터활용가능, 포토샵가능","['건별', '1,000원']",3개월~6개월,주5일,시간협의,"MD·쇼핑몰운영,사무보조",알바,없음,없음,없음,없음,없음,건별,"1,000원",없음,없음,없음
㈜여우커뮤니케이션,[재택알바] 블로그 포스팅 원고알바/작가모집/재택근무/출근X,상시모집,0명,무관,무관,무관,"워드가능, 유사업무 경험","['건별', '6,000원', '협의가능', '1,800자 작성 기준']",1년이상,요일협의,시간협의,바이럴·SNS마케팅 초보가능,알바,없음,없음,인원미정,없음,"협의가능,1,800자 작성 기준",건별,"6,000원",협의가능,(재택 근무),없음
찌마켓,(재택근무 가능) 온라인 판매 물품 사진 촬영,상시모집,1명,무관,무관,무관,없음,"['시급', '10,000원', '협의가능']",하루(1일),요일협의,시간협의,"서비스 기타,사진촬영·편집",알바,없음,없음,없음,없음,협의가능,시급,"10,000원",협의가능,없음,없음
㈜이지태스크,커리어에 도움되는 온라인 사무 보조 업무하고 싶은 대학생 모집,상시모집,00명,무관,20세(2003년생) ~ 70세(1953년생),무관,"컴퓨터활용가능, 포토샵가능, 한글(HWP)가능, 워드가능, 엑셀가능, 파워포인트가능, 업무 관련 자격증 소지","['시급', '10,000원', '협의가능', '업무 종류 및 난이도에 따라 최저임금에서부터 임금이 다르게 책정될 수 있습니다.']",하루(1일),요일협의,시간협의,"사무보조,그래픽·영상·편집디자인,문서작성·자료조사 초보가능",알바,없음,없음,인원미정,장년가능,"협의가능,업무 종류 및 난이도에 따라 최저임금에서부터 임금이 다르게 책정될 수 있습니다.",시급,"10,000원",협의가능,(희망근무요일 등록),(희망근무시간 등록)
㈜동화세상에듀코,[지역무관] 과목/입시 가능 교사 #플랜관리 교사,2022.12.19,1명,무관,무관,대학(4년제) 졸업 이상,유사업무 경험,"['월급', '2,500,000원', '수습기간있음', '타임관리제(수업수당+인센티브)']",1년이상,요일협의,시간협의,"방문·학습지,외국어·어학원,교육·강사 기타 초보가능",위촉직(프리랜서),"정기휴가, 인센티브제, 장기근속자 포상, 우수사원 표창/포상, 고용보험, 산재보험","화상 수업 교사, 방문 수업 교사",없음,없음,"수습기간있음,타임관리제(수업수당+인센티브)",월급,"2,500,000원",협의가능,"(근무 요일, 시간 면접시 조율)",(최소 근무시간 : 주 35시간 )
재택근무 상담원 (예가커뮤니케이션),인터넷가입센터 TM상담원모집 [시간선택/재택 가능],상시모집,0명,무관,무관,무관,유사업무 경험,"['일급', '50,000원', '협의가능']",1주일~1개월,요일협의,시간협의,텔레마케팅·아웃바운드,알바,없음,없음,인원미정,없음,협의가능,일급,"50,000원",협의가능,(주5일),"(평일 오전, 오후)"
애드리절트,(주)애드리절트 재택/프리랜서 브랜드 블로그 원고작가 채용,2022.12.19,0명,무관,무관,무관,"컴퓨터활용가능, 포토샵가능, 워드가능, 유사업무 경험","['건별', '5,000원', '협의가능']",1년이상,요일협의,시간협의,"문서작성·자료조사,마케팅·광고·홍보",알바,없음,"원고작성, 블로그관리, 재택근무, 온라인마케팅",인원미정,없음,협의가능,건별,"5,000원",협의가능,없음,없음
달청,[재택근무] 자사제품 체험 섭외 업무(주 2시간),상시모집,1명,여자,20세(2003년생) ~ 37세(1986년생),무관,"포토샵가능, 유사업무 경험","['시급', '10,000원']",1년이상,요일협의,시간협의,"쇼핑몰인바운드,마케팅·광고·홍보",위촉직(프리랜서),없음,없음,없음,없음,없음,시급,"10,000원",없음,없음,없음
㈜플레이랭귀지,언어교육스타트업에서 재택근무 가능한 마인크래프트 맵제작 인력 찾습니다.,상시모집,0명,무관,무관,무관,영어가능,"['시급', '10,000원', '협의가능']",6개월~1년,요일협의,시간협의,"웹·콘텐츠기획,디자인 기타,미디어 기타","알바, 계약직",없음,"마인크래프트, 창의적 게임 맵제작, 게임전문가",인원미정,없음,협의가능,시급,"10,000원",협의가능,없음,없음
㈜프리드라이프,[재택/투잡] 건당 75만 일시불지급 LG/삼성 가전제품,2022.12.17,2명,무관,무관,고등학교 졸업 이상,유사업무 경험,"['건별', '500,000원']",1년이상,주5일,10:00~18:00,"일반음식점,매장관리·판매,금융·보험영업","알바, 위촉직(프리랜서)","인센티브제, 우수사원 표창/포상",없음,없음,없음,없음,건별,"500,000원",협의가능,"(월, 화, 수, 목, 금)",없음
이젠,[재택] 상품 사진 촬영 아르바이트,상시모집,00명,무관,무관,무관,유사업무 경험,"['건별', '10,000원', '당일지급']",하루(1일),요일협의,시간협의,사진촬영·편집 초보가능,알바,없음,없음,인원미정,없음,당일지급,건별,"10,000원",협의가능,없음,없음
삼공삼,"타로사주채팅상담 / 시급 35,000원 / 재택근무",2022.12.04,5명,무관,무관,무관,"업무 관련 자격증 소지(타로관련자격증, 심리상담사자격증 우대)","['시급', '35,000원', '협의가능']",1주일~1개월,요일협의,시간협의,고객상담·인바운드 초보가능,알바,인센티브제,"고객상담, 타로",없음,없음,협의가능,시급,"35,000원",협의가능,없음,없음
피드코리아,카드뉴스 제작 프리랜서(자사 인스타 채널 운영) 모집 [재택/부업 가능],상시모집,00명,무관,무관,무관,"컴퓨터활용가능, 포토샵가능","['건별', '50,000원', '협의가능 식대별도지급']",3개월~6개월,요일협의,시간협의,바이럴·SNS마케팅,"알바, 위촉직(프리랜서)",없음,없음,인원미정,없음,협의가능 식대별도지급,건별,"50,000원",협의가능,없음,없음
위런에듀,"[재택근무] 일본어 번역, 내용 확인 및 표현 추가, 후리가나 변환",2022.12.05,4명,무관,무관,무관,없음,"['건별', '250,000원', '3.3% 세금 제외 후 지급, 문장 수에 따라 지급 금액이 다릅니다.']",1주일~1개월,요일협의,시간협의,"외국어·어학원,번역·통역,교육·강사 기타",알바,없음,없음,없음,없음,"3.3% 세금 제외 후 지급, 문장 수에 따라 지급 금액이 다릅니다.",건별,"250,000원",없음,없음,없음
㈜동화세상에듀코 [부산교육본부],코딩/수학/영어/국어 1대1 온오프라인 강사채용(신입/방문/재택),상시모집,3명,무관,무관,대학(4년제) 졸업 이상,"영어가능, 컴퓨터활용가능, 군필자, 유사업무 경험","['월급', '2,500,000원', '수습기간있음']",1년이상,요일협의,시간협의,"교육·강사 기타,HTML코딩,방문·학습지",위촉직(프리랜서),"고용보험, 산재보험, 정기휴가, 인센티브제, 우수사원 표창/포상, 장기근속자 포상",없음,친구,없음,수습기간있음,월급,"2,500,000원",협의가능,없음,없음
동화세상 에듀코,[재택가능]국어 영어 수학 강사 모집,상시모집,3명,무관,무관,무관,"영어가능, 업무 관련 자격증 소지, 유사업무 경험","['월급', '2,500,000원', '협의가능', '타임관리제(수업수당 +인센티브)']",1년이상,월~금,시간협의,"방문·학습지,입시·보습학원,외국어·어학원",위촉직(프리랜서),없음,없음,없음,없음,"협의가능,타임관리제(수업수당 +인센티브)",월급,"2,500,000원",없음,없음,없음
㈜ 다함케이앤비,"[직방/재택근무]시급12,000원/해피콜/사무직/상담/화상면접,교육",상시모집,0명,무관,무관,무관,"컴퓨터활용가능, 유사업무 경험","['시급', '12,000원', '수습기간있음', '시급 12,000원 (주휴수당, 제수당 포함)']",3개월~6개월,요일협의,09:30~18:30,"서비스 기타,사무보조,고객상담·인바운드",알바,"국민연금, 고용보험, 산재보험, 건강보험",없음,인원미정,없음,"수습기간있음,시급 12,000원 (주휴수당, 제수당 포함)",시급,"12,000원",없음,(일요일제외 주5일협의 진행),(휴게시간 60분)
셀파우등생교실T클래스,강원도 원주시/1년이상/주4일에서5일/초등전과목 스마트공부방운영할원장님,상시모집,10명,무관,무관,"대학(2,3년제) 졸업 이상",없음,"['건별', '110,000원', '급여는 원장님이 수업하시는 회원수에 비례합니다.']",1년이상,월~금,14:00~18:00,"교육·강사 기타,입시·보습학원 초보가능",계약직,없음,없음,없음,장년가능,급여는 원장님이 수업하시는 회원수에 비례합니다.,건별,"110,000원",없음,없음,없음
셀파우등생교실T클래스,강원도 원주시/1년이상/주4일에서5일/초등전과목 스마트공부방운영할원장님,상시모집,10명,무관,무관,"대학(2,3년제) 졸업 이상",없음,"['건별', '110,000원', '급여는 원장님이 수업하시는 회원수에 비례합니다.']",1년이상,월~금,14:00~18:00,"교육·강사 기타,입시·보습학원 초보가능",계약직,없음,없음,없음,장년가능,급여는 원장님이 수업하시는 회원수에 비례합니다.,건별,"110,000원",없음,없음,없음
글로지㈜,스페인어 영상 번역가 모집,상시모집,00명,무관,무관,무관,"영어가능, 유사업무 경험","['시급', '30,000원', '협의가능']",6개월~1년,요일협의,시간협의,번역·통역,위촉직(프리랜서),없음,없음,인원미정,없음,협의가능,시급,"30,000원",협의가능,없음,없음
HUYHUY,재택근무 월 금 이미지편집 2시간 소요,2022.12.10,1명,무관,무관,무관,"포토샵가능, 엑셀가능","['월급', '500,000원']",6개월~1년,월~금,시간협의,디자인 기타,위촉직(프리랜서),없음,없음,없음,없음,없음,월급,"500,000원",없음,없음,없음
RiccoWorks,이미지 캡쳐 촬영 아르바이트,2022.12.19,10명,무관,무관,무관,유사업무 경험,"['건별', '500원', '주급가능', '매주 토요일 일괄지급됩니다.']",1년이상,월~금,시간협의,"사진촬영·편집,사무보조 초보가능","알바, 위촉직(프리랜서)",없음,없음,없음,없음,"주급가능,매주 토요일 일괄지급됩니다.",건별,500원,없음,없음,(마감 시간 전까지 진행해주시면 됩니다.)
주식회사 디에스,[전국가능/주급가능/주5일] 휴대폰 초보(경력자)상담원 모집,상시모집,1명,무관,30세(1993년생) ~ 50세(1973년생),무관,"유사업무 경험, 대학재학생, 대학휴학생","['시급', '10,000원', '협의가능 수습기간있음']",1년이상,주5일,10:00~17:00,"고객상담·인바운드,텔레마케팅·아웃바운드,마케팅·광고·홍보 초보가능","알바, 계약직","국민연금, 산재보험, 고용보험, 건강보험, 정기휴가, 퇴직금, 인센티브제","상담, 인바운드",없음,장년가능,협의가능 수습기간있음,시급,"10,000원",협의가능,"(월, 화, 수, 목, 금)",없음
K-MATHLIVE 비대면 평촌센터,K-MATHLIVE 비대면 수학 선생님 모십니다. (재택가능),상시모집,0명,무관,무관,무관,없음,"['시급', '16,000원', '협의가능 수습기간있음']",6개월~1년,요일협의,시간협의,"입시·보습학원,방문·학습지,보조교사 초보가능","알바, 계약직",없음,없음,인원미정,없음,협의가능 수습기간있음,시급,"16,000원",없음,없음,없음
심통교육,"김포지역&일산지역 어린이집 특강(오감,오르프,우쿨렐레)강사님모집",상시모집,00명,여자,무관,무관,"차량소지, 운전가능, 유사업무 경험","['시급', '35,000원', '협의가능']",1년이상,요일협의,12:00~16:00,유아·유치원 초보가능,"알바, 정규직",없음,없음,인원미정,없음,협의가능,시급,"35,000원",협의가능,없음,없음
큐브엔시스,AI 학습데이터 구축 - 클라우드워커 모집,2022.12.10,00명,무관,무관,무관,없음,"['건별', '300원']",1개월~3개월,요일협의,시간협의,데이터수집·가공 초보가능,알바,없음,없음,인원미정,없음,없음,건별,300원,없음,없음,없음
헬프리치,"블로그 원고알바-재택근무,재택알바,단기알바,주말알바,주급,아르바이트,투잡",상시모집,500명,무관,무관,무관,"유사업무 경험, 대학재학생, 대학휴학생","['건별', '15,000원', '협의가능 주급가능', '업종/글자수별로 건당 500자 1,500원부터 ~ 10,000자 이상 50,000원']",1주일~1개월,주5일,시간협의,"문서작성·자료조사,마케팅·광고·홍보,편집·교정·교열 초보가능","알바, 위촉직(프리랜서)",없음,없음,친구,없음,"협의가능 주급가능,업종/글자수별로 건당 500자 1,500원부터 ~ 10,000자 이상 50,000원",건별,"15,000원",없음,없음,(재택근무)
역전할머니맥주 야탑점,"평일,주말 알바생모집합니다",상시모집,0명,무관,무관,무관,없음,"['시급', '12,000원', '협의가능']",3개월~6개월,요일협의,시간협의,서빙 초보가능,알바,없음,없음,인원미정,없음,협의가능,시급,"12,000원",협의가능,없음,"(평일,주말)"
㈜엠티데이타,[급구] 이미지 분류 크라우드워커 채용,상시모집,4명,무관,무관,무관,유사업무 경험,"['월급', '2,200,000원']",1개월~3개월,월~금,09:30~18:30,"사무보조,문서작성·자료조사,데이터수집·가공","알바, 계약직",없음,없음,없음,없음,없음,월급,"2,200,000원",없음,없음,없음
컨텐츠베이커리,(재택가능) 유튜브 시나리오 에디터를 모집합니다.,2022.12.12,00명,무관,무관,무관,유사업무 경험,"['건별', '200,000원']",1년이상,요일협의,시간협의,"웹·콘텐츠기획,문서작성·자료조사","알바, 위촉직(프리랜서)",없음,없음,인원미정,없음,없음,건별,"200,000원",없음,없음,없음
㈜비어트렌드,SNS 공동구매 마켓 운영/회계/사무,상시모집,1명,무관,무관,무관,"컴퓨터활용가능, 포토샵가능, 한글(HWP)가능, 워드가능, 엑셀가능, 파워포인트가능, 유사업무 경험","['시급', '10,000원', '협의가능']",1년이상,요일협의,시간협의,"MD·쇼핑몰운영,경리·회계보조",위촉직(프리랜서),없음,"SNS 공동구매 마켓 운영, 결제창 작업/발주/배송장 작성, 회계/사무",없음,없음,협의가능,시급,"10,000원",협의가능,없음,(마켓 운영시만 근무/재택근무)
자베르,[재택근무]온라인쇼핑몰 상품등록알바,상시모집,1명,무관,20세(2003년생) ~ 35세(1988년생),무관,"컴퓨터활용가능, 포토샵가능","['건별', '1,000원']",3개월~6개월,주5일,시간협의,"MD·쇼핑몰운영,사무보조",알바,없음,없음,없음,없음,없음,건별,"1,000원",없음,없음,없음
블랙벨,[재택근무]온라인쇼핑몰 상품등록알바,상시모집,1명,무관,20세(2003년생) ~ 35세(1988년생),무관,없음,"['건별', '1,000원']",3개월~6개월,월~금,시간협의,MD·쇼핑몰운영,알바,없음,없음,없음,없음,없음,건별,"1,000원",없음,없음,없음
주식회사 페어리,[재택 / 핀테크] 할인 정보를 문서화 작업 담당해주실 알바를 구합니다.,2022.12.05,1명,무관,무관,무관,엑셀가능,"['시급', '10,000원']",1개월~3개월,주3일,시간협의,"데이터수집·가공,마케팅·광고·홍보",알바,없음,없음,없음,없음,없음,시급,"10,000원",없음,"(월, 수, 금)",(2시간/일)
+디쉐어비대면수학학원+,+디쉐어수학학원+ 재택/경력/신입/250-300가능/1대1학습관리,상시모집,00명,무관,무관,대학(4년제) 졸업 이상,없음,"['월급', '3,000,000원', '협의가능', '250만원~300만원']",6개월~1년,요일협의,16:00~22:00,"입시·보습학원,외국어·어학원,교육·강사 기타 초보가능","계약직, 위촉직(프리랜서)","정기휴가, 인센티브제, 장기근속자 포상, 우수사원 표창/포상, 경조휴가제",없음,인원미정,없음,"협의가능,250만원~300만원",월급,"3,000,000원",협의가능,없음,없음
토종원,네이버 스마트스토어 전문가,상시모집,2명,무관,무관,무관,유사업무 경험,"['월급', '500,000원', '협의가능']",1년이상,요일협의,시간협의,"MD·쇼핑몰운영,사이트관리·기술지원","알바, 계약직","장기근속자 포상, 우수사원 표창/포상",없음,없음,없음,협의가능,월급,"500,000원",협의가능,없음,(시간 관계없음)
로하엔터테인먼트,인터넷방송 BJ(비제이)/크리에이터/투잡가능 공정하고 투명한 MCN회사,상시모집,00명,무관,무관,무관,"유사업무 경험, 대학재학생, 대학휴학생","['주급', '1,000,000원', '협의가능']",3개월~6개월,요일협의,시간협의,"미디어 기타,서비스 기타","알바, 계약직",없음,없음,인원미정,없음,협의가능,주급,"1,000,000원",협의가능,없음,없음
정진,식자재 쇼핑몰 광고 디자인하실분(재택근무),상시모집,1명,무관,무관,무관,없음,"['시급', '9,200원', '협의가능']",1년이상,요일협의,시간협의,MD·쇼핑몰운영,위촉직(프리랜서),없음,없음,없음,없음,협의가능,시급,"9,200원",협의가능,없음,없음
㈜큐피플,"영어 자막 제작(srt, vtt자막, 재택 근무, 유경험자 우대)",2022.12.07,00명,무관,무관,"대학(2,3년제) 졸업 이상","컴퓨터활용가능, 파워포인트가능","['건별', '30,000원', '협의가능']",1개월~3개월,주5일,09:00~18:00,"미디어 기타,문서작성·자료조사",알바,없음,없음,"인원미정,친구",없음,협의가능,건별,"30,000원",협의가능,"(월, 화, 수, 목, 금)",(휴게시간 60분)
㈜테스트웍스,생활 폐기물 및 제품 사진 촬영 현장 수집,상시모집,00명,무관,무관,무관,없음,"['일급', '25,000원', '협의가능', '1일 기본급(1세트 250장 제출 필수/2세트까지 해당) +추가 수집 건당 300원']",1주일~1개월,월~일,시간협의,사진촬영·편집 초보가능,알바,없음,없음,"인원미정,친구",없음,"협의가능,1일 기본급(1세트 250장 제출 필수/2세트까지 해당) +추가 수집 건당 300원",일급,"25,000원",11.29(화) ~ 12.16(금),"(주 5일 이상 필수 근무, 수집량에 따라 주말 근무 가능성 있음)",(1일 기본 1세트 250장 제출 시 조기 퇴근 가능)
㈜엔케이네트워크,영상촬영 프리랜서 모집,상시모집,2명,무관,무관,무관,"운전가능, 유사업무 경험","['건별', '100,000원', '협의가능', '각종 수당 포함']",3개월~6개월,요일협의,시간협의,"동영상촬영·편집,그래픽·영상·편집디자인","알바, 위촉직(프리랜서)",없음,없음,없음,없음,"협의가능,각종 수당 포함",건별,"100,000원",협의가능,(월 3-5회 정도 상황에 따라 다름),(전 달 스케줄 공지(건당 약 1-2시간))
쇼다운 컴퍼니,[재택알바] 이미지 단순 교체작업 해주실분 구합니다,2022.12.06,2명,무관,무관,무관,없음,"['시급', '9,160원']",1개월~3개월,월~금,시간협의,데이터수집·가공,알바,없음,없음,없음,없음,없음,시급,"9,160원",없음,(월금),없음
서북(포토이즘/재택근무),[재택근무/인물보정] 포토이즘 인물보정 재택근무자를 모집합니다.,상시모집,0명,무관,20세(2003년생) ~ 30세(1993년생),무관,"포토샵가능, 유사업무 경험","['건별', '3,000원', '개인의 역량에 따라 조정 가능']",3개월~6개월,요일협의,시간협의,"사진촬영·편집,디자인 기타","알바, 위촉직(프리랜서)",없음,없음,"인원미정,친구",없음,개인의 역량에 따라 조정 가능,건별,"3,000원",협의가능,없음,없음
수시패스,유튜브 호기심 채널 프리랜서 대본 작가 구합니다. (대학생 가능),상시모집,1명,무관,무관,무관,유사업무 경험,"['건별', '10,000원']",6개월~1년,요일협의,시간협의,"미디어 기타,문서작성·자료조사 초보가능",알바,없음,없음,없음,없음,없음,건별,"10,000원",없음,없음,(재택 근무로 정해진 업무시간 없음. )
꾸며보드레,텍스트 형식(기사) 컨텐츠 글 작성 작업자 모집,상시모집,0명,무관,무관,대학(4년제) 졸업 이상,유사업무 경험,"['건별', '15,000원', '정규직 전환시 1.8만원 지급']",1년이상,요일협의,시간협의,"문서작성·자료조사,웹·콘텐츠기획","정규직, 위촉직(프리랜서)",없음,없음,인원미정,없음,정규직 전환시 1.8만원 지급,건별,"15,000원",없음,(정해진 근무일 없으며 매일 일정 작업물만 전달하면 됨),(자신의 일정에 맞춰 자유롭게 작업 가능)
엘도라,"부업하실 분, 하루 2시간, 까페댓글관리, 문자로문의주세요",상시모집,0명,무관,무관,무관,"컴퓨터활용가능, 한글(HWP)가능, 워드가능, 유사업무 경험","['시급', '10,000원', '협의가능', '부업, 집에서가능']",1개월~3개월,요일협의,시간협의,문서작성·자료조사 초보가능,알바,없음,없음,"인원미정,친구",없음,"협의가능,부업, 집에서가능",시급,"10,000원",협의가능,없음,없음
다파는회사(크렙CreatorsLable),자유롭게 근무하실 프리랜서 디자이너님을 모십니다.,상시모집,00명,무관,무관,무관,"포토샵가능, 유사업무 경험","['건별', '100,000원', '협의가능', '최소 금액이며, 의뢰건 규모에 따라 추가 지급 드립니다.']",3개월~6개월,요일협의,시간협의,"웹·모바일디자인,HTML코딩,그래픽·영상·편집디자인",위촉직(프리랜서),없음,없음,인원미정,없음,"협의가능,최소 금액이며, 의뢰건 규모에 따라 추가 지급 드립니다.",건별,"100,000원",협의가능,없음,없음
아싸닷컴,[재택근무자] 카페운영자모집/홍보경력자/사이트관리/시간자유근무,상시모집,00명,무관,무관,무관,"컴퓨터활용가능, 포토샵가능, 워드가능, 엑셀가능, 파워포인트가능, 한글(HWP)가능, 유사업무 경험","['시급', '9,160원']",1년이상,월~금,시간협의,사무보조,알바,없음,없음,인원미정,없음,없음,시급,"9,160원",협의가능,없음,없음
바른원고,재택근무/초보가능 블로그 원고작성,상시모집,00명,무관,무관,무관,유사업무 경험,"['건별', '4,000원', '초보 2,000자 당 4,000원 월급제']",1년이상,요일협의,시간협의,"문서작성·자료조사,마케팅·광고·홍보 초보가능",알바,없음,없음,"인원미정,친구",없음,"초보 2,000자 당 4,000원 월급제",건별,"4,000원",협의가능,없음,없음
마니또,쇼핑몰 업로딩 재택근무 입니다. 엑셀과 노트북 필수,상시모집,1명,무관,무관,무관,컴퓨터활용가능,"['시급', '9,160원', '협의가능']",6개월~1년,요일협의,시간협의,"데이터수집·가공,사무보조 초보가능",알바,없음,없음,없음,없음,협의가능,시급,"9,160원",협의가능,(주 5일),(매일 일정한 시간이면 좋겠습니다.)
태산을 만드는 사람들,부담없이 일하실 프리랜서 모집합니다,2022.12.18,7명,무관,무관,무관,"운전가능, 차량소지, 유사업무 경험","['연봉', '22,800,000원', '협의가능']",6개월~1년,주1일,10:00~11:30,"텔레마케팅·아웃바운드,오프라인영업·판매 초보가능","정규직, 위촉직(프리랜서)","국민연금, 고용보험, 산재보험, 건강보험, 인센티브제",없음,친구,장년가능,협의가능,연봉,"22,800,000원",없음,(수),없음
하나세무회계,"세무상담 섭외TM 사원 구인. 재택가능, 경력직선호, 전화X, 문자문의O",상시모집,1명,무관,무관,무관,유사업무 경험,"['시급', '11,000원', '인센티브 별도 ( 계약시 100%~150% )']",1년이상,월~금,10:00~15:30,텔레마케팅·아웃바운드,정규직,없음,없음,없음,없음,인센티브 별도 ( 계약시 100%~150% ),시급,"11,000원",없음,없음,없음
커피빈코리아 테헤란로 비젼타워점,커피빈 테헤란로비젼타워점 5H 슈퍼바이저 채용,상시모집,1명,무관,무관,고등학교 졸업 이상,없음,"['월급', '1,249,960원', '단, 만 3개월 이상 근무시']",6개월~1년,월~금,08:00~13:30,커피전문점,정규직,"국민연금, 건강보험, 산재보험, 고용보험, 연차, 퇴직금, 휴일근로수당",없음,없음,없음,"단, 만 3개월 이상 근무시",월급,"1,249,960원",없음,없음,없음
베또컴퍼니,센스있는 PPT 디자이너 [프리랜서]님 모십니다.,상시모집,00명,무관,무관,무관,"파워포인트가능, 포토샵가능, 컴퓨터활용가능","['건별', '6,000원', '협의가능']",1년이상,요일협의,시간협의,"디자인 기타,웹·모바일디자인,그래픽·영상·편집디자인",위촉직(프리랜서),없음,"디자이너, 프리랜서",인원미정,없음,협의가능,건별,"6,000원",협의가능,없음,없음
㈜한우리컴퍼니,출근없이 전화면접후 재택근무가능 투잡 쓰리잡 전국어디서나 가능,상시모집,00명,무관,무관,무관,유사업무 경험,"['건별', '250,000원', '협의가능']",1년이상,요일협의,시간협의,"텔레마케팅·아웃바운드,오프라인영업·판매,영업관리·지원","계약직, 위촉직(프리랜서)",없음,없음,인원미정,없음,협의가능,건별,"250,000원",없음,없음,없음
㈜애드DS,"맛집, 핫플 블로그 원고 작성자 모집 (재택알바)",2022.12.09,00명,무관,무관,무관,유사업무 경험,"['월급', '350,000원', '협의가능', '상호협의, 건별(글자당 3원으로 진행) 건당 2000자 기준 월 최소 350000-400000만원.']",3개월~6개월,요일협의,시간협의,문서작성·자료조사,알바,없음,없음,인원미정,없음,"협의가능,상호협의, 건별(글자당 3원으로 진행) 건당 2000자 기준 월 최소 350000-400000만원.",월급,"350,000원",협의가능,없음,(상호협의/재택근무)
찌마켓,(재택근무 가능) 온라인쇼핑몰 상세페이지 제작,상시모집,1명,무관,무관,무관,없음,"['시급', '10,000원']",하루(1일),요일협의,시간협의,웹·모바일디자인,알바,없음,없음,없음,없음,없음,시급,"10,000원",없음,없음,없음
달기나라 주식회사,"패션 MD 및 웹디 경력 모집 (3년 이상, 재택/원격 근무)",상시모집,2명,무관,무관,무관,"컴퓨터활용가능, 포토샵가능, 군필자, 엑셀가능, 업무 관련 자격증 소지, 유사업무 경험","['시급', '10,000원', '수습기간있음', '알바 시급 월말 지급, 프리랜서 건별 계약 지급']",1년이상,요일협의,시간협의,"MD·쇼핑몰운영,웹·모바일디자인","알바, 위촉직(프리랜서)","산재보험, 고용보험, 퇴직금","패션 웹디, 패션 MD",없음,없음,"수습기간있음,알바 시급 월말 지급, 프리랜서 건별 계약 지급",시급,"10,000원",없음,"(근로자 원하는 요일과 시간으로 협의 (재택, 주 14시간))",(근로자 원하는 요일과 시간으로 제시 (재택))
주식회사 인컨설팅,"법률 디자인 SNS 인스타툰 캐릭터 작가 모집 (재택알바, 부업, 투잡)",2022.12.18,1명,무관,무관,무관,"포토샵가능, 업무 관련 자격증 소지, 유사업무 경험, 대학재학생, 대학휴학생","['건별', '70,000원']",6개월~1년,요일협의,시간협의,캐릭터·애니메이션디자인,알바,없음,없음,없음,없음,없음,건별,"70,000원",없음,(협의 후 결정),(협의 후 결정)
㈜서경커뮤니케이션,[리서치 단기알바/일일알바] 전화 리서치 / 실태조사 모집,상시모집,00명,무관,무관,무관,없음,"['건별', '80,000원', '주급가능']",하루(1일),요일협의,시간협의,"문서작성·자료조사,설문조사·리서치,콜센터관리·모니터링","알바, 위촉직(프리랜서)",없음,"단기알바, 미스터리쇼퍼",인원미정,없음,주급가능,건별,"80,000원",협의가능,없음,없음
주식회사 골피아,중국 공장 제품 소싱업무/재택근무가능,상시모집,10명,무관,무관,무관,중국어가능,"['시급', '9,160원']",1년이상,월~금,시간협의,"번역·통역,서비스 기타","계약직, 위촉직(프리랜서)",없음,없음,없음,없음,없음,시급,"9,160원",협의가능,없음,없음
에프와이티,[주급]블로그작가/원고작성/재택근무/주부환영/경력자우대/프리랜서/마케팅,상시모집,0명,무관,무관,무관,"업무 관련 자격증 소지, 유사업무 경험","['건별', '7,000원', '협의가능']",3개월~6개월,요일협의,시간협의,"사무보조,문서작성·자료조사,마케팅·광고·홍보 초보가능","알바, 정규직",없음,없음,인원미정,없음,협의가능,건별,"7,000원",협의가능,없음,없음
주식회사 방주트레이드,[마케팅 아르바이트/비대면 재택근무],상시모집,00명,무관,무관,무관,"중국어가능, 일본어가능, 영어가능","['시급', '15,000원', '협의가능']",1년이상,요일협의,시간협의,서비스 기타,알바,인센티브제,없음,"인원미정,친구",없음,협의가능,시급,"15,000원",협의가능,(탄력 근무제),없음
케이제이스튜디,[재택근무] 온라인 화상과외 강사 모집 (국어/영어/수학/사회/과학),상시모집,0명,무관,무관,대학(4년제) 졸업 이상,없음,"['시급', '20,000원', '초~중등 12000원/ 고1~2 15000원 / 고3 20000원']",1년이상,요일협의,시간협의,입시·보습학원,계약직,없음,없음,인원미정,없음,초~중등 12000원/ 고1~2 15000원 / 고3 20000원,시급,"20,000원",없음,없음,없음
㈜세양아이엔티 농업회사법인,[프리랜서 구인] 촬영 / 상세페이지 디자인 / 영상물제작편집 / 인스타,상시모집,2명,여자,25세(1998년생) ~ 40세(1983년생),"대학(2,3년제) 졸업 이상","업무 관련 자격증 소지, 포토샵가능, 유사업무 경험","['건별', '10,000원', '협의가능', '희망하는 건별 급여를 이력서에 기재하여 주세요.']",6개월~1년,요일협의,시간협의,"웹·모바일디자인,디자인 기타,사진촬영·편집","알바, 위촉직(프리랜서)",없음,"MD, 상품관리, 디자인",없음,없음,"협의가능,희망하는 건별 급여를 이력서에 기재하여 주세요.",건별,"10,000원",없음,(프리랜서/재택근무),(협의 가능)
ADT캡스,[재택근무] 캡스 고객센터 단순 인바운드 상담 (1차 접수 단순상담),상시모집,00명,무관,무관,무관,없음,"['월급', '2,800,000원', '상세급여 공고확인']",6개월~1년,주5일,시간협의,"고객상담·인바운드,ADT캡스 브랜드 초보가능",정규직,"국민연금, 고용보험, 산재보험, 건강보험, 연차, 인센티브제, 퇴직금, 각종 경조금, 경조휴가제",없음,인원미정,없음,상세급여 공고확인,월급,"2,800,000원",없음,없음,(공고확인)
JK&J,해외구매대행 반자동 상품 등록 아르바이트,상시모집,00명,무관,무관,무관,"컴퓨터활용가능, 엑셀가능, 유사업무 경험","['건별', '300원', '주급가능', '업무 역량에 따라 인센티브 지급 예정 / 희망시 구매대행 컨설팅 무료 상담 혜택']",3개월~6개월,요일협의,시간협의,"MD·쇼핑몰운영,매장관리·판매",알바,인센티브제,없음,인원미정,없음,"주급가능,업무 역량에 따라 인센티브 지급 예정 / 희망시 구매대행 컨설팅 무료 상담 혜택",건별,300원,협의가능,(재택근무),(시간 제약 없이 요청 건수 해당 주간 내 달성만)
크레마빈커피,카페영업 직원 구합니다(원두영업 수당10%),2022.12.17,10명,무관,무관,무관,없음,"['건별', '100,000원', '협의가능']",6개월~1년,주2일,시간협의,영업관리·지원 초보가능,"알바, 정규직",없음,없음,친구,없음,협의가능,건별,"100,000원",협의가능,없음,없음
트루마케팅,[재택근무] 원고작성 글쓰기 알바모집(시간자유/재택알바),상시모집,00명,무관,20세(2003년생) ~ 39세(1984년생),무관,없음,"['건별', '5,000원', '주급가능']",1년이상,요일협의,시간협의,"문서작성·자료조사,마케팅·광고·홍보,바이럴·SNS마케팅 초보가능",알바,없음,없음,"인원미정,친구",없음,주급가능,건별,"5,000원",협의가능,(선택자유),(선택자유)
일상의감동,"[링크맘] 동네알바, 등하원, 아이돌봄, 시터, 30분가능, 최대시급5만",상시모집,00명,무관,무관,무관,없음,"['시급', '50,000원', '협의가능 주급가능', '최대 50,000']",1개월~3개월,요일협의,시간협의,"등하원·승하차도우미,베이비시터·가사도우미,유아·유치원 초보가능",알바,없음,없음,인원미정,없음,"협의가능 주급가능,최대 50,000",시급,"50,000원",협의가능,"(원하는 요일, 가능한 날짜)",(여유 시간에 맞춰서 선택)
㈜글로벌에듀유에스에이,구매업무(영어 가능자) 재택 알바,2022.12.07,1명,무관,무관,무관,없음,"['시급', '11,000원']",3개월~6개월,요일협의,시간협의,"번역·통역,데이터수집·가공,생산·건설·노무 기타",알바,없음,없음,없음,없음,없음,시급,"11,000원",없음,없음,없음
주식회사 젠데이터,[재택/단기/건별] 반려견 옆모습 사진 수집 프로젝트,상시모집,00명,무관,무관,무관,유사업무 경험,"['건별', '5,000원', '수집 건당 5,000원 지급']",1개월~3개월,요일협의,시간협의,"데이터수집·가공,문서작성·자료조사,사무보조 초보가능","알바, 위촉직(프리랜서)",없음,없음,인원미정,없음,"수집 건당 5,000원 지급",건별,"5,000원",없음,(수집 건당 진행),(편하신 시간때 업로드 가능)
요기요,"[재택근무/평일,주말 근무선택] 요기요 이용문의 단순 상담 (수도권거주)",상시모집,00명,무관,무관,무관,없음,"['월급', '2,500,000원', '근무시간에 따라 급여 상이(공고확인)']",6개월~1년,요일협의,시간협의,"고객상담·인바운드,배달대행·음식배달,요기요 브랜드 초보가능","정규직, 계약직","국민연금, 고용보험, 산재보험, 건강보험, 연차, 인센티브제, 퇴직금, 각종 경조금, 경조휴가제",없음,인원미정,없음,근무시간에 따라 급여 상이(공고확인),월급,"2,500,000원",없음,(공고확인),(공고확인)
jsm,리뷰 알바/ 나이무관 / 재택 / 남녀노소 환영,상시모집,100명,무관,무관,무관,없음,"['건별', '1,000원']",1개월~3개월,요일협의,시간협의,서비스 기타,알바,없음,없음,친구,없음,없음,건별,"1,000원",협의가능,없음,없음
주식회사 보이스루,[프리랜서/계약직] 웹툰 편집 디자이너 모집,상시모집,00명,무관,무관,무관,"컴퓨터활용가능, 유사업무 경험","['월급', '2,500,000원', '협의가능']",1개월~3개월,요일협의,시간협의,미디어 기타,"알바, 계약직",없음,없음,인원미정,없음,협의가능,월급,"2,500,000원",협의가능,없음,(프리랜서/계약직)
판패업,[TM] 재택근무/ TM사원 및 영업사원 모집,상시모집,00명,무관,무관,무관,없음,"['월급', '2,500,000원', '주급가능', '200~300만 / 면접시 급여협의']",1년이상,월~금,10:00~16:00,"텔레마케팅·아웃바운드,오프라인영업·판매,고객상담·인바운드 초보가능","알바, 계약직","인센티브제, 정기보너스",없음,"인원미정,친구",없음,"주급가능,200~300만 / 면접시 급여협의",월급,"2,500,000원",없음,없음,없음
동화세상에듀코,[재택가능] 국영수사과 오프/온라인 신입선생님모집,2022.12.18,3명,무관,무관,대학(4년제) 졸업 이상,"영어가능, 유사업무 경험","['월급', '2,500,000원', '협의가능 수습기간있음']",1년이상,요일협의,시간협의,"방문·학습지,교육·강사 기타,독서·논술·스피치학원",위촉직(프리랜서),"고용보험, 산재보험, 정기휴가","교육강사, 학습코칭",친구,없음,협의가능 수습기간있음,월급,"2,500,000원",없음,없음,없음
동화세상에듀코,[재택가능] 국영수사과 오프/온라인 신입선생님모집,2022.12.18,3명,무관,무관,대학(4년제) 졸업 이상,"영어가능, 유사업무 경험","['월급', '2,500,000원', '협의가능 수습기간있음']",1년이상,요일협의,시간협의,"방문·학습지,교육·강사 기타,독서·논술·스피치학원",위촉직(프리랜서),"고용보험, 산재보험, 정기휴가","교육강사, 학습코칭",친구,없음,협의가능 수습기간있음,월급,"2,500,000원",없음,없음,없음
빈패밀리(원두및머신 커피관련),안녕하세요 빈패밀리(B.F)에서 함께달려주실 팀원을 모십니다.,상시모집,00명,무관,무관,무관,"일본어가능, 컴퓨터활용가능, 포토샵가능, 차량소지, 군필자, 유사업무 경험, 인근거주","['연봉', '21,869,760원', '협의가능 당일지급 주급가능 수습기간있음']",1년이상,요일협의,시간협의,"바리스타,커피전문점,매장관리·판매 초보가능","알바, 계약직","연차, 월차, 정기휴가, 인센티브제, 정기보너스, 장기근속자 포상, 우수사원 표창/포상, 기숙사운영",없음,"인원미정,친구",없음,협의가능 당일지급 주급가능 수습기간있음,연봉,"21,869,760원",협의가능,없음,없음
백파식당,"홀 직원 및 아르바이트 남,여 구함",상시모집,00명,무관,무관,무관,없음,"['시급', '10,000원', '홀 직원 7~8시간 근무 급여 250만원']",6개월~1년,요일협의,시간협의,"서빙,주방장·조리사,일반음식점 초보가능","알바, 정규직","국민연금, 산재보험, 건강보험, 고용보험, 퇴직금",없음,인원미정,없음,홀 직원 7~8시간 근무 급여 250만원,시급,"10,000원",협의가능,(월 화 수 목 금 토 ),(오픈조 5시-10시 마감조 8시-12시에서 1시 사이)
주식회사 엠에이엔엔,[단기 근무] 전자제품 미스테리쇼퍼 구인,상시모집,00명,무관,20세(2003년생) ~ 49세(1974년생),무관,없음,"['건별', '22,000원', '협의가능']",1주일~1개월,요일협의,시간협의,설문조사·리서치 초보가능,알바,없음,없음,"인원미정,친구",없음,협의가능,건별,"22,000원",협의가능,"(원하는 날짜, 원하는 시간대)","(평일 주말, 오전 오후 상관 없이 원하는 시간대)"
아이들나라,아이들나라에서 유아체육강사를 구합니다.,상시모집,00명,무관,무관,무관,"차량소지, 운전가능, 유사업무 경험","['연봉', '25,200,000원', '협의가능']",1년이상,월~금,11:00~16:00,"예체능 강사,유아·유치원,교육·강사 기타 초보가능","정규직, 계약직","국민연금, 고용보험, 산재보험, 건강보험, 퇴직금, 각종 경조금, 차량유류보조금, 인센티브제, 정기휴가",없음,인원미정,없음,협의가능,연봉,"25,200,000원",없음,없음,없음
에이스아카데미,영유아 유아체육강사를 모집합니다.,상시모집,10명,무관,무관,무관,"차량소지, 운전가능, 유사업무 경험","['연봉', '25,200,000원', '협의가능']",1년이상,월~금,11:00~16:00,"유아·유치원,예체능 강사,교육·강사 기타 초보가능","정규직, 계약직","국민연금, 고용보험, 산재보험, 건강보험, 인센티브제, 퇴직금, 각종 경조금, 차량유류보조금, 정기휴가",없음,없음,없음,협의가능,연봉,"25,200,000원",없음,없음,없음
한국가상현실전문가협회,[재택근무 2시간] 홍보 및 홈페이지관리,2022.12.04,1명,무관,무관,무관,"컴퓨터활용가능, 포토샵가능, 한글(HWP)가능, 워드가능, 엑셀가능, 파워포인트가능, 유사업무 경험","['시급', '10,000원', '1개월후 협의하여 시급조정함']",1년이상,주5일,시간협의,"마케팅·광고·홍보,웹·콘텐츠기획,사이트관리·기술지원","알바, 정규직",없음,없음,없음,없음,1개월후 협의하여 시급조정함,시급,"10,000원",협의가능,"(월, 화, 수, 목, 금)",(AM 9시~ PM6시 사이에 원하는 시간에 2시간 근무가능)
㈜해커스어학원,"해커스교육그룹 사무보조 재택 아르바이트 모집 (사무알바, 사무직)",상시모집,15명,무관,무관,무관,"업무 관련 자격증 소지, 유사업무 경험, 대학재학생, 대학휴학생","['시급', '10,992원']",3개월~6개월,월~금,09:00~18:00,"사무보조,문서작성·자료조사 초보가능",알바,없음,없음,친구,없음,없음,시급,"10,992원",없음,없음,없음
돈조이대부중개,지식인 답글달기 단순 마케터(초보/재택근무 가능) 구함,상시모집,5명,무관,무관,무관,"컴퓨터활용가능, 유사업무 경험","['시급', '9,160원', '협의가능 주급가능']",1년이상,주5일,시간협의,서비스 기타 초보가능,"알바, 위촉직(프리랜서)",없음,없음,없음,없음,협의가능 주급가능,시급,"9,160원",협의가능,"(월, 화, 수, 목, 금)",없음
세일즈랩,재택 쇼핑라이브 진행 담당자 모집,상시모집,00명,무관,무관,무관,유사업무 경험,"['시급', '10,000원']",3개월~6개월,요일협의,시간협의,미디어 기타 초보가능,"알바, 계약직",없음,없음,인원미정,없음,없음,시급,"10,000원",협의가능,(주 2일(요일 협의)),(밤 9시 이후에 1시간 라이브 진행)
㈜한국인증융합연구원,연구보고서 작성 재택알바,상시모집,10명,무관,무관,대학(4년제) 졸업 이상,"컴퓨터활용가능, 한글(HWP)가능, 워드가능, 업무 관련 자격증 소지, 유사업무 경험","['건별', '8,000원', '협의가능', '작성 보고서 매수별 금액이 상이함 (한글 문서 사용)']",1개월~3개월,주5일,시간협의,문서작성·자료조사 초보가능,알바,없음,없음,친구,장년가능,"협의가능,작성 보고서 매수별 금액이 상이함 (한글 문서 사용)",건별,"8,000원",협의가능,"(월, 화, 수, 목, 금)",없음
알지오 평생교육원,[재택] 동영상편집 사원 모집,상시모집,10명,무관,무관,고등학교 졸업 이상,유사업무 경험,"['시급', '15,000원', '동영상 편집 시간을 기준으로 지급합니다.']",1년이상,요일협의,시간협의,"사무보조,마케팅·광고·홍보,동영상촬영·편집 초보가능",알바,없음,없음,없음,없음,동영상 편집 시간을 기준으로 지급합니다.,시급,"15,000원",협의가능,없음,없음
익스페셜컴퍼니,"(재택알바) 초보가능 원고작성, 글쓰기 알바 혹은 프리랜서를 모집합니다.",상시모집,20명,무관,무관,무관,없음,"['월급', '520,000원']",6개월~1년,월~금,시간협의,문서작성·자료조사 초보가능,알바,없음,없음,친구,없음,없음,월급,"520,000원",없음,없음,없음
㈜스토리판다,인터넷 방송 방청 아르바이트 / 재택근무 가능,2022.12.05,00명,무관,20세(2003년생) ~ 60세(1963년생),무관,없음,"['건별', '5,000원']",3개월~6개월,요일협의,시간협의,"바이럴·SNS마케팅,서비스 기타",알바,없음,없음,"인원미정,친구",장년가능,없음,건별,"5,000원",협의가능,없음,없음
날쌘카페 명일고덕점,날쌘카페 명일고덕점 파트타임 모집,상시모집,1명,여자,21세(2002년생) ~ 45세(1978년생),무관,유사업무 경험,"['시급', '9,200원', '수습기간있음']",6개월~1년,주4일,10:00~13:00,"커피전문점,일반음식점",알바,없음,없음,없음,없음,수습기간있음,시급,"9,200원",협의가능,"(화, 수, 목, 금)",없음
늘솜제작소,블로그 원고 작성 재택근무 (블로그 없어도 됩니다.),상시모집,00명,무관,무관,무관,유사업무 경험,"['건별', '4,000원', '초보 기준 2000자 당 4000원 (월급제) / 평균 50만원 (내부 등급에 따라 원고료 상승)']",1년이상,요일협의,시간협의,마케팅·광고·홍보 초보가능,"알바, 위촉직(프리랜서)",없음,없음,"인원미정,친구",장년가능,초보 기준 2000자 당 4000원 (월급제) / 평균 50만원 (내부 등급에 따라 원고료 상승),건별,"4,000원",협의가능,없음,없음
주식회사 엔지프로젝트,"[간단한 사무보조] 초보/주말 가능, 건당 12만원 블로그 재택근무",상시모집,00명,무관,무관,무관,"컴퓨터활용가능, 한글(HWP)가능, 워드가능, 업무 관련 자격증 소지, 유사업무 경험, 대학재학생, 대학휴학생","['건별', '100,000원', '협의가능 당일지급 주급가능']",1개월~3개월,요일협의,시간협의,"바이럴·SNS마케팅,마케팅·광고·홍보,사무보조 초보가능","알바, 계약직","연차, 월차, 정기휴가, 인센티브제, 정기보너스, 장기근속자 포상, 우수사원 표창/포상, 중식제공, 주차비지원, 주차가능",없음,"인원미정,친구",없음,협의가능 당일지급 주급가능,건별,"100,000원",없음,없음,"(하루 10분, 협의가능)"
블로그 서포터즈 지원자 선호도 1등기업 [까레오],[사무보조/재택근무/ 당일지급] 꿀부업알바 건당12만원 블로그포스팅관리,상시모집,00명,무관,무관,무관,"컴퓨터활용가능, 유사업무 경험, 대학재학생, 대학휴학생","['건별', '100,000원', '협의가능 당일지급 주급가능', '급여 협의 가능, 추후 인상 가능']",1개월~3개월,요일협의,시간협의,"마케팅·광고·홍보,바이럴·SNS마케팅,사무보조 초보가능","알바, 계약직",없음,없음,"인원미정,친구",장년가능,"협의가능 당일지급 주급가능,급여 협의 가능, 추후 인상 가능",건별,"100,000원",협의가능,없음,없음
#블로그기자단#박데이터랩,[블로그기자단] 건당10만/당일지급/꿀알바/단기/장기/초보/학생/주부,상시모집,00명,무관,무관,무관,"컴퓨터활용가능, 한글(HWP)가능, 워드가능, 업무 관련 자격증 소지, 유사업무 경험, 대학재학생, 대학휴학생","['건별', '100,000원', '협의가능 당일지급 주급가능', '급여 협의가능']",1개월~3개월,월~일,09:30~17:30,"바이럴·SNS마케팅,사무보조,마케팅·광고·홍보 초보가능","알바, 계약직","야간근로수당, 휴일근로수당, 장기근속수당, 우수사원 표창/포상, 인센티브제, 정기보너스",없음,"인원미정,친구",장년가능,"협의가능 당일지급 주급가능,급여 협의가능",건별,"100,000원",협의가능,없음,(휴게시간 60분)
㈜소리자바,재택/프리랜서 한국어 방언 전사자 모집,상시모집,00명,무관,무관,무관,"컴퓨터활용가능, 업무 관련 자격증 소지, 유사업무 경험","['시급', '80,000원', '수습기간있음', '※ 실제 근무시간이 아닌 음성파일 1시간 기준 급여입니다.']",1개월~3개월,주6일,시간협의,"데이터수집·가공,편집·교정·교열,문서작성·자료조사","알바, 계약직",없음,없음,"인원미정,친구",없음,"수습기간있음,※ 실제 근무시간이 아닌 음성파일 1시간 기준 급여입니다.",시급,"80,000원",없음,없음,없음
본아한의원,재택부업 - 일상글 포스팅 아르바이트,상시모집,00명,여자,18세(2005년생) ~ 45세(1978년생),무관,유사업무 경험,"['건별', '1,500원', '협의가능']",1개월~3개월,요일협의,시간협의,바이럴·SNS마케팅,알바,없음,"마케팅, 블로그, 재택","인원미정,친구",청소년가능,협의가능,건별,"1,500원",협의가능,없음,없음
주식회사 엔지프로젝트,"[간단한 사무보조] 초보/주말 가능, 건당 12만원 블로그 재택근무",상시모집,00명,무관,무관,무관,"컴퓨터활용가능, 한글(HWP)가능, 워드가능, 업무 관련 자격증 소지, 유사업무 경험, 대학재학생, 대학휴학생","['건별', '100,000원', '협의가능 당일지급 주급가능']",1개월~3개월,요일협의,시간협의,"바이럴·SNS마케팅,마케팅·광고·홍보,사무보조 초보가능","알바, 계약직","연차, 월차, 정기휴가, 인센티브제, 정기보너스, 장기근속자 포상, 우수사원 표창/포상, 중식제공, 주차비지원, 주차가능",없음,"인원미정,친구",없음,협의가능 당일지급 주급가능,건별,"100,000원",없음,없음,"(하루 10분, 협의가능)"
"엠디비코리아, 블로그 서포터즈 1위",블로그서포터즈/건당10만/당일지급/단기/주말/학생/초보,상시모집,00명,무관,무관,무관,"컴퓨터활용가능, 한글(HWP)가능, 워드가능, 엑셀가능, 유사업무 경험, 대학재학생, 대학휴학생","['건별', '100,000원', '협의가능 당일지급 주급가능', '건당 최소 3만원부터 협의가능/당일지급']",1개월~3개월,월~일,10:00~18:30,"사무보조,마케팅·광고·홍보,바이럴·SNS마케팅 초보가능","알바, 계약직","장기근속수당, 정기보너스, 인센티브제, 장기근속자 포상, 우수사원 표창/포상",없음,"인원미정,친구",장년가능,"협의가능 당일지급 주급가능,건당 최소 3만원부터 협의가능/당일지급",건별,"100,000원",협의가능,없음,(휴게시간 60분)
클레오노모스(블로그),[블로그포스팅알바] 당일지급/건당20만원/재택근무/부업알바/단기알바/투잡,상시모집,00명,무관,무관,무관,없음,"['건별', '200,000원', '협의가능 당일지급']",3개월~6개월,요일협의,시간협의,바이럴·SNS마케팅 초보가능,알바,없음,없음,인원미정,장년가능,협의가능 당일지급,건별,"200,000원",협의가능,없음,없음
NOISYMARKETING(블로그),블로그꿀알바/당일지급/건당20만원/재택근무/부업알바/단기알바/투잡꿀알바,상시모집,00명,무관,무관,무관,없음,"['건별', '200,000원', '당일지급']",3개월~6개월,요일협의,시간협의,바이럴·SNS마케팅 초보가능,알바,없음,없음,인원미정,없음,당일지급,건별,"200,000원",협의가능,없음,없음
노이지마케팅(블로그),블로그포스팅알바/건당20만원/당일지급/재택근무/부업알바/투잡알바/단기알바,상시모집,00명,무관,무관,무관,없음,"['건별', '200,000원', '당일지급']",3개월~6개월,요일협의,시간협의,바이럴·SNS마케팅 초보가능,알바,없음,없음,인원미정,없음,당일지급,건별,"200,000원",협의가능,없음,없음
위런에듀,[재택근무] 영어 단어 추가 컨텐츠 작성,2022.12.04,8명,무관,무관,무관,없음,"['건별', '600,000원', '3.3% 세금 제외 후 지급, 단어 수에 따라 지급 금액이 다릅니다.']",1주일~1개월,요일협의,시간협의,"외국어·어학원,번역·통역,교육·강사 기타",위촉직(프리랜서),없음,없음,없음,없음,"3.3% 세금 제외 후 지급, 단어 수에 따라 지급 금액이 다릅니다.",건별,"600,000원",없음,없음,없음
"엠디비코리아, 블로그 서포터즈 1위",블로그서포터즈/건당10만/당일지급/단기/주말/학생/초보,상시모집,00명,무관,무관,무관,"컴퓨터활용가능, 한글(HWP)가능, 워드가능, 엑셀가능, 유사업무 경험, 대학재학생, 대학휴학생","['건별', '100,000원', '협의가능 당일지급 주급가능', '건당 최소 3만원부터 협의가능/당일지급']",1개월~3개월,월~일,10:00~18:30,"사무보조,마케팅·광고·홍보,바이럴·SNS마케팅 초보가능","알바, 계약직","장기근속수당, 정기보너스, 인센티브제, 장기근속자 포상, 우수사원 표창/포상",없음,"인원미정,친구",장년가능,"협의가능 당일지급 주급가능,건당 최소 3만원부터 협의가능/당일지급",건별,"100,000원",협의가능,없음,(휴게시간 60분)
#블로그기자단#박데이터랩,[블로그기자단] 건당10만/당일지급/꿀알바/단기/장기/초보/학생/주부,상시모집,00명,무관,무관,무관,"컴퓨터활용가능, 한글(HWP)가능, 워드가능, 업무 관련 자격증 소지, 유사업무 경험, 대학재학생, 대학휴학생","['건별', '100,000원', '협의가능 당일지급 주급가능', '급여 협의가능']",1개월~3개월,월~일,09:30~17:30,"바이럴·SNS마케팅,사무보조,마케팅·광고·홍보 초보가능","알바, 계약직","야간근로수당, 휴일근로수당, 장기근속수당, 우수사원 표창/포상, 인센티브제, 정기보너스",없음,"인원미정,친구",장년가능,"협의가능 당일지급 주급가능,급여 협의가능",건별,"100,000원",협의가능,없음,(휴게시간 60분)
㈜금성출판사 푸르넷공부방,"초,중등 공부방 교사 구함(영어지도만도 가능자)",상시모집,3명,무관,30세(1993년생) ~ 52세(1971년생),대학(4년제) 졸업 이상,유사업무 경험,"['건별', '900,000원']",1년이상,월~금,13:00~18:00,"방문·학습지,입시·보습학원 초보가능",위촉직(프리랜서),인센티브제,없음,없음,장년가능,없음,건별,"900,000원",없음,없음,없음
블로그 서포터즈 지원자 선호도 1등기업 [까레오],[사무보조/재택근무/ 당일지급] 꿀부업알바 건당12만원 블로그포스팅관리,상시모집,00명,무관,무관,무관,"컴퓨터활용가능, 유사업무 경험, 대학재학생, 대학휴학생","['건별', '100,000원', '협의가능 당일지급 주급가능', '급여 협의 가능, 추후 인상 가능']",1개월~3개월,요일협의,시간협의,"마케팅·광고·홍보,바이럴·SNS마케팅,사무보조 초보가능","알바, 계약직",없음,없음,"인원미정,친구",장년가능,"협의가능 당일지급 주급가능,급여 협의 가능, 추후 인상 가능",건별,"100,000원",협의가능,없음,없음
세일코리아넷 재택근무 상담원,[재택근무/시간선택]홈쇼핑 인바운드 재택상담원 채용,상시모집,00명,무관,무관,고등학교 졸업 이상,유사업무 경험,"['월급', '2,000,000원', '아래 상세 내용 확인부탁드립니다.']",3개월~6개월,월~금,시간협의,고객상담·인바운드 초보가능,"계약직, 위촉직(프리랜서)",없음,없음,"인원미정,친구",없음,아래 상세 내용 확인부탁드립니다.,월급,"2,000,000원",협의가능,없음,(아래내용 확인 부탁드립니다.)
㈜주오코스메틱스,(재택 근무)블로그운영 및 관리 알바 구합니다 (초보가능),상시모집,3명,무관,무관,무관,없음,"['월급', '550,000원']",6개월~1년,월~금,시간협의,"사무보조,바이럴·SNS마케팅 초보가능",알바,없음,없음,없음,없음,없음,월급,"550,000원",협의가능,없음,(10:00 - 12:50)
[면접비 2만원] 안양범계 센터,[재택가능] 10시-3시 [파트타임] 신입 첫달 250만원 (실적무관),2022.12.15,00명,무관,무관,무관,유사업무 경험,"['월급', '2,500,000원']",1년이상,월~금,10:00~15:00,"고객상담·인바운드,금융·보험영업,텔레마케팅·아웃바운드,ACE화재 브랜드 초보가능",위촉직(프리랜서),"월차, 인센티브제, 경조휴가제",없음,"인원미정,친구",장년가능,없음,월급,"2,500,000원",협의가능,없음,없음
주식회사 솔라루나,재택아웃바운드 TM업무자 모집합니다.,상시모집,00명,무관,무관,무관,유사업무 경험,"['건별', '60,000원', '협의가능', '방문접수건에 대해 1건당60000원']",1개월~3개월,주5일,시간협의,텔레마케팅·아웃바운드,알바,없음,"아웃바운드, 아웃바운드",인원미정,없음,"협의가능,방문접수건에 대해 1건당60000원",건별,"60,000원",협의가능,"(월, 화, 수, 목, 금)",(업무시간 조율가능 오전10~12시 2시~6시 사이 )
탑클래스에듀아이,[재택 화상과외 강사모집],상시모집,00명,무관,20세(2003년생) ~ 45세(1978년생),대학(4년제) 졸업 이상,"유사업무 경험, 대학재학생, 대학휴학생","['시급', '20,000원', '협의가능', '학년과 근무 개월수에 따라서 14,000원~22,000원+인센티브.']",6개월~1년,요일협의,시간협의,"입시·보습학원,외국어·어학원,교육·강사 기타","알바, 계약직","인센티브제, 우수사원 표창/포상, 장기근속자 포상, 연장근로수당",없음,"인원미정,친구",없음,"협의가능,학년과 근무 개월수에 따라서 14,000원~22,000원+인센티브.",시급,"20,000원",없음,없음,(평일 저녁시간 or 주말 가능.)
㈜테스트웍스,(모집)얼굴 표정 및 머리 움직임 영상 촬영자 모집,상시모집,999명,무관,무관,무관,없음,"['건별', '50,000원', '14건 동영상 촬영 및 검수 통과시 50,000원(세금포함) 지급']",1주일~1개월,주1일,00:00~24:00,"미디어 기타,동영상촬영·편집,사진촬영·편집",알바,없음,없음,없음,없음,"14건 동영상 촬영 및 검수 통과시 50,000원(세금포함) 지급",건별,"50,000원",없음,없음,없음
더엘커뮤니케이션,재택근무 알바 - 블로그 원고 작성 아르바이트 모집,상시모집,5명,무관,무관,무관,유사업무 경험,"['건별', '3,500원']",3개월~6개월,요일협의,시간협의,"바이럴·SNS마케팅,문서작성·자료조사",알바,없음,없음,없음,없음,없음,건별,"3,500원",협의가능,없음,없음
㈜그루마케팅,"[건당10만/초보가능] 블로그포스팅,키워드포스팅,원고발행",상시모집,00명,무관,무관,무관,없음,"['건별', '100,000원']",1개월~3개월,요일협의,시간협의,"사무보조,마케팅·광고·홍보","알바, 계약직",없음,없음,인원미정,없음,없음,건별,"100,000원",없음,없음,(10분)
㈜그루마케팅,재택알바/초보가능/포스팅알바/건10만/원고작성,상시모집,00명,무관,무관,무관,없음,"['건별', '100,000원']",1개월~3개월,요일협의,시간협의,"사무보조,마케팅·광고·홍보","알바, 계약직",없음,없음,인원미정,없음,없음,건별,"100,000원",없음,없음,(10분)
㈜그루마케팅,"블로그포스팅알바 학생, 주부, 초보 손쉬운 부업알바",상시모집,00명,무관,무관,무관,없음,"['건별', '100,000원']",1개월~3개월,요일협의,시간협의,"사무보조,마케팅·광고·홍보","알바, 계약직",없음,없음,인원미정,없음,없음,건별,"100,000원",없음,없음,(10분)
㈜그루마케팅,5분포스팅 / 간단글업로드 / 원고포스팅 / 블로그포스팅,상시모집,00명,무관,무관,무관,없음,"['건별', '100,000원']",1개월~3개월,요일협의,시간협의,"사무보조,마케팅·광고·홍보,바이럴·SNS마케팅","알바, 계약직",없음,없음,인원미정,없음,없음,건별,"100,000원",없음,없음,(10분)
㈜그루마케팅,"[블로그포스팅,원고발행,,꿀알바,간편알바",상시모집,00명,무관,무관,무관,없음,"['건별', '100,000원']",1개월~3개월,요일협의,시간협의,"사무보조,마케팅·광고·홍보,바이럴·SNS마케팅","알바, 계약직",없음,없음,인원미정,없음,없음,건별,"100,000원",없음,없음,(10분)
㈜그루마케팅,"재택 꿀알바 블로그포스팅, 당일10만지급, 초보가능",상시모집,00명,무관,무관,무관,없음,"['건별', '100,000원']",1개월~3개월,요일협의,시간협의,"사무보조,마케팅·광고·홍보,바이럴·SNS마케팅","알바, 계약직",없음,없음,인원미정,없음,없음,건별,"100,000원",없음,없음,(10분)
㈜그루마케팅,"재택 건10만-원고업로드,5분포스팅(초보,주부,10대,20대가능",상시모집,00명,무관,무관,무관,없음,"['건별', '100,000원']",1개월~3개월,요일협의,시간협의,"사무보조,마케팅·광고·홍보,바이럴·SNS마케팅","알바, 계약직",없음,없음,인원미정,없음,없음,건별,"100,000원",없음,없음,(10분)
르에브,여성의류 쇼핑몰 프리랜서 웹디 모집 (재택근무),상시모집,1명,여자,20세(2003년생) ~ 29세(1994년생),무관,"컴퓨터활용가능, 포토샵가능","['시급', '9,160원']",3개월~6개월,요일협의,시간협의,"웹·모바일디자인,MD·쇼핑몰운영",위촉직(프리랜서),인센티브제,없음,없음,없음,없음,시급,"9,160원",협의가능,없음,(근로자 맞춤)
락휴노래방,#락휴노래연습장#구리점#아르바이트모집,상시모집,6명,무관,무관,무관,"유사업무 경험, 인근거주","['시급', '11,000원', '협의가능', '11,000']",1년이상,요일협의,시간협의,노래방 초보가능,알바,없음,없음,없음,없음,"협의가능,11,000",시급,"11,000원",협의가능,"(목,금 또는 토일 또는 목,금,토,일 (협의 가능합니다))",(오후11시~ 아침 8시 (협의 가능합니다))
MABASA,재택근무 (부업) 해외구매대행 소싱 알바,상시모집,2명,무관,무관,"대학(2,3년제) 졸업 이상","중국어가능, 컴퓨터활용가능, 유사업무 경험","['시급', '10,000원', '1주일 14.5시간 (월-목 3시간, 금 2.5시간)']",1년이상,월~금,시간협의,"데이터수집·가공,문서작성·자료조사","알바, 위촉직(프리랜서)",장기근속자 포상,없음,없음,없음,"1주일 14.5시간 (월-목 3시간, 금 2.5시간)",시급,"10,000원",협의가능,없음,(오전 9-12시 (시간 협의 가능))
박정용 국어학원,국어 학원 한글 편집 알바 구합니다.,상시모집,00명,무관,무관,무관,없음,"['시급', '10,000원', '협의가능', '건당 10만원~30만원']",6개월~1년,요일협의,시간협의,편집·교정·교열,알바,없음,없음,인원미정,없음,"협의가능,건당 10만원~30만원",시급,"10,000원",없음,(자택 근무),(자택 근무)
펫타임,PETTIME 반려동물 프리랜서 모집 (자격증 무관),상시모집,00명,무관,무관,무관,"업무 관련 자격증 소지, 유사업무 경험","['시급', '15,000원', '협의가능']",6개월~1년,요일협의,시간협의,서비스 기타,"알바, 계약직",없음,"펫 산책, 펫 돌봄, 펫 행동교정, 펫 미용, 기타",인원미정,없음,협의가능,시급,"15,000원",협의가능,없음,없음
토종원,"식품 쇼핑몰 포스팅 및 홍보마케팅 , 재택가능",상시모집,2명,무관,무관,무관,유사업무 경험,"['건별', '15,000원', '협의가능 수습기간있음']",1년이상,요일협의,시간협의,"마케팅·광고·홍보,바이럴·SNS마케팅","알바, 계약직","장기근속자 포상, 우수사원 표창/포상, 각종 경조금",없음,없음,없음,협의가능 수습기간있음,건별,"15,000원",협의가능,없음,없음
홈그린,일산거주자중 행사장 다양한 전시 부스들을 스케치업으로 디자인 작업하실분,상시모집,3명,무관,무관,무관,유사업무 경험,"['건별', '1,200,000원', '전체 작업 페이는 120만원 1일페이로 환산하면 약 10만원정도입니다. 일정추가시 추가페이 지급합니다.']",1주일~1개월,요일협의,시간협의,"CAD·CAM·인테리어디자인,그래픽·영상·편집디자인,캐릭터·애니메이션디자인",알바,인센티브제,없음,없음,없음,전체 작업 페이는 120만원 1일페이로 환산하면 약 10만원정도입니다. 일정추가시 추가페이 지급합니다.,건별,"1,200,000원",12.03(토) ~ 01.03(화),(본인시간 및 요일 가능 하실때 위주로 협의하여 진행합니다. 주5일),(본인시간 및 요일 가능 하실때 위주로 협의하여 진행합니다. 주5일)
오새로이 딜리버리,서초/쿠팡이츠플렉스/배달기사님 모집/주급정산/고수익/월600가능,상시모집,0명,무관,무관,무관,없음,"['시급', '20,000원', '주급가능']",1개월~3개월,요일협의,08:00~02:00,"서비스 기타,배달대행·음식배달",알바,"고용보험, 산재보험, 월차, 인센티브제, 우수사원 표창/포상, 장기근속자 포상",없음,"인원미정,친구",없음,주급가능,시급,"20,000원",없음,(금토일 필수 + 평일 1일 이상 ),(익일)
해해해,파티용품 검수 제작 OPP포장 부업,상시모집,1명,무관,무관,무관,유사업무 경험,"['건별', '100원', '당일지급 주급가능']",1년이상,요일협의,시간협의,포장·품질검사 초보가능,"알바, 위촉직(프리랜서)","국민연금, 고용보험, 산재보험, 건강보험",없음,없음,없음,당일지급 주급가능,건별,100원,협의가능,없음,없음
GS25 괴정럭키점,"일,월 주2일 야간 알바모집",상시모집,0명,무관,무관,무관,없음,"['시급', '9,160원']",6개월~1년,주2일,23:00~08:00,"매장관리·판매,편의점,GS25 브랜드 초보가능",알바,없음,없음,인원미정,없음,없음,시급,"9,160원",없음,"(월, 일)",(익일)
머니맨,[재택근무]해외구매대행 쇼핑몰(마켓) 상품 수정/업로드(퍼센티 사용),상시모집,2명,무관,무관,무관,유사업무 경험,"['건별', '250원', '협의가능', '업무가 숙달되면 추후 상향 가능합니다']",6개월~1년,월~금,시간협의,"사무보조,MD·쇼핑몰운영,데이터수집·가공",알바,없음,없음,없음,없음,"협의가능,업무가 숙달되면 추후 상향 가능합니다",건별,250원,협의가능,없음,"(평일 일과중, 저녁도 가능(협의))"
썩세스웨이,"[재택근무] 리포트샘플, 조사, 작성(바이럴 마케팅X), 초대졸 이상",상시모집,00명,무관,무관,"대학(2,3년제) 졸업 이상","컴퓨터활용가능, 한글(HWP)가능, 워드가능, 대학재학생, 대학휴학생","['건별', '12,000원', '수습기간있음']",6개월~1년,요일협의,시간협의,"사무보조,편집·교정·교열","알바, 위촉직(프리랜서)",없음,없음,"인원미정,친구",없음,수습기간있음,건별,"12,000원",없음,(탄력근무입니다.),(탄력근무입니다.)
큐리어스,해외온라인마켓 기획 및 상품등록,상시모집,3명,무관,무관,무관,"영어가능, 중국어가능, 포토샵가능","['건별', '10,000원', '수습기간있음', '수습기간 1달간 건당 5000원']",3개월~6개월,요일협의,시간협의,"MD·쇼핑몰운영,문서작성·자료조사,사무보조 초보가능","알바, 계약직",없음,없음,없음,없음,"수습기간있음,수습기간 1달간 건당 5000원",건별,"10,000원",협의가능,없음,없음
스테이곶,고시원총무 구합니다,2022.12.18,1명,무관,무관,무관,없음,"['월급', '700,000원', '협의가능']",1년이상,요일협의,시간협의,"매장관리·판매,스터디룸·독서실·고시원 초보가능",알바,없음,없음,없음,없음,협의가능,월급,"700,000원",없음,없음,없음
할리스 남부터미널점,평일 미들 파트타임 근무자 구합니다,2022.12.03,1명,무관,23세(2000년생) ~ 30세(1993년생),고등학교 졸업 이상,"유사업무 경험, 대학재학생, 대학휴학생","['시급', '9,500원', '수습기간있음']",3개월~6개월,요일협의,12:00~16:00,"커피전문점,할리스커피 브랜드",알바,"고용보험, 산재보험, 근무복 지급","음료제조, 매장관리",없음,없음,수습기간있음,시급,"9,500원",없음,(화.수.목 중 주2회 또는 3회 근무가능한 분),없음
하나이벤트,수학여행/수련원/캠프/레크리에이션/체육대회등 진행및인솔자를 구합니다.,상시모집,20명,무관,무관,무관,없음,"['일급', '400,000원', '협의가능']",6개월~1년,요일협의,시간협의,"레져스포츠 강사,예체능 강사,이벤트·행사스텝",알바,없음,없음,없음,없음,협의가능,일급,"400,000원",없음,없음,없음
하나이벤트,수학여행/수련원/캠프/레크리에이션/체육대회등 진행및인솔자를 구합니다.,상시모집,20명,무관,무관,무관,없음,"['일급', '400,000원', '협의가능']",6개월~1년,요일협의,시간협의,"레져스포츠 강사,예체능 강사,이벤트·행사스텝",알바,없음,없음,없음,없음,협의가능,일급,"400,000원",없음,없음,없음
에어비엔비,출근없음 재택교육후 재택근무 / 에어비앤비 고객센터 인바운드 모집,상시모집,50명,무관,무관,무관,없음,"['월급', '2,500,000원']",1년이상,요일협의,시간협의,"고객상담·인바운드,텔레마케팅·아웃바운드,사무보조",정규직,없음,없음,친구,없음,없음,월급,"2,500,000원",협의가능,없음,없음
쿠팡이츠(((재택))근무/ 서울(독산고객센터),[재택/근무][오후-파트타임(4시간)] 쿠팡이츠(독산센터) 인바운드 상담,상시모집,00명,무관,무관,무관,"대학재학생, 대학휴학생","['월급', '1,500,000원', '수습기간있음', '수습기간 급여차감없음 (100%지급)']",1년이상,요일협의,17:30~22:00,"고객상담·인바운드,텔레마케팅·아웃바운드,쇼핑몰인바운드,쿠팡 브랜드 초보가능","알바, 정규직","국민연금, 고용보험, 산재보험, 건강보험, 연차, 인센티브제, 퇴직금, 퇴직연금, 장기근속자 포상, 우수사원 표창/포상, 휴일근로수당, 연월차수당, 장기근속수당, 연장근로수당, 명절 귀향비 지급, 각종 경조금, 경조휴가제",없음,"인원미정,친구",없음,"수습기간있음,수습기간 급여차감없음 (100%지급)",월급,"1,500,000원",협의가능,(주말(공휴일)이 포함된 주 5일근무조건),없음
메종비퍼니처,인터넷 쇼핑몰 웹디자이너를 모집합니다.,2022.12.16,1명,무관,무관,무관,유사업무 경험,"['주급', '380,000원', '협의가능 당일지급 주급가능 식대별도지급']",6개월~1년,요일협의,시간협의,"웹·모바일디자인,그래픽·영상·편집디자인","알바, 계약직",없음,"웹디자이너, 인터넷 쇼핑몰, 쇼핑몰 관리",없음,없음,협의가능 당일지급 주급가능 식대별도지급,주급,"380,000원",협의가능,(재택 자율 근무),(자율 근무)
㈜투파이브,간단한 홈페이지 제작,2022.12.04,1명,무관,무관,무관,없음,"['건별', '300,000원']",1주일~1개월,요일협의,시간협의,"HTML코딩,프로그래머,웹·모바일디자인",알바,없음,없음,없음,없음,없음,건별,"300,000원",협의가능,없음,없음
클리브웍스,일본 / 대만 / 인도 원어민 모집,2022.12.01,0명,무관,무관,무관,"일본어가능, 중국어가능, 대학재학생, 대학휴학생","['시급', '10,000원']",1주일~1개월,주6일,09:00~03:00,"서비스 기타,생산·건설·노무 기타,교재·교육콘텐츠제작 초보가능",알바,없음,"일본 원어민, 인도 원어민, 대만 원어민","인원미정,친구",없음,없음,시급,"10,000원",11.28(월) ~ 12.10(토),"(월, 화, 수, 목, 금, 토)",(익일)
㈜뷰티소셜,[강남 지역] 성형외과 방문 상담 후 리뷰 작성,상시모집,10명,무관,무관,무관,없음,"['시급', '20,000원', '면접 후 협의 능력에 따라 협의 가능한 부분입니다.']",1주일이하,주5일,시간협의,설문조사·리서치,알바,없음,없음,없음,없음,면접 후 협의 능력에 따라 협의 가능한 부분입니다.,시급,"20,000원",없음,없음,없음
#방씨기획 #꿀알바 #건당 최대10만원,"[재택근무/당일지급]학생,주부,초보,직장인 누구나 가능 야간,주말도 가능",상시모집,00명,무관,무관,무관,"컴퓨터활용가능, 한글(HWP)가능, 워드가능, 업무 관련 자격증 소지, 유사업무 경험, 대학재학생, 대학휴학생","['건별', '100,000원', '협의가능 당일지급 주급가능']",1주일~1개월,월~금,10:00~15:00,"마케팅·광고·홍보,바이럴·SNS마케팅,사무보조 초보가능","알바, 계약직",없음,없음,"인원미정,친구",없음,협의가능 당일지급 주급가능,건별,"100,000원",협의가능,없음,없음
바로상담가능#[한국블로그마케팅],블로그기자단/건당10만/당일지급/학생/주부/초보/주말/야간/단기,상시모집,00명,무관,무관,무관,"컴퓨터활용가능, 유사업무 경험, 대학재학생, 대학휴학생","['건별', '100,000원', '협의가능 당일지급 주급가능', '급여 협의 가능, 추후 인상 가능']",1주일~1개월,요일협의,시간협의,"바이럴·SNS마케팅,사무보조 초보가능","알바, 계약직",없음,없음,"인원미정,친구",장년가능,"협의가능 당일지급 주급가능,급여 협의 가능, 추후 인상 가능",건별,"100,000원",협의가능,없음,없음
기본급과 매일 시상 과 월인센티브 는 300 이상,재택 월300이상 가능 / 집에서하는일 / 간단확인콜 / 오토콜아님,상시모집,00명,무관,무관,무관,"컴퓨터활용가능, 군필자, 유사업무 경험, 대학재학생, 대학휴학생","['월급', '2,850,000원', '협의가능', '매일 시상 + 월인센티브 =300 이상']",1년이상,주5일,시간협의,"텔레마케팅·아웃바운드,고객상담·인바운드,설문조사·리서치 초보가능","알바, 정규직","우수사원 표창/포상, 장기근속자 포상, 정기보너스, 인센티브제, 연차, 각종 경조금, 정기휴가, 장기근속수당, 명절 귀향비 지급, 국민연금, 고용보험, 산재보험, 건강보험, 퇴직연금",없음,"인원미정,친구",장년가능,"협의가능,매일 시상 + 월인센티브 =300 이상",월급,"2,850,000원",협의가능,없음,(풀타임/선택제)
기본급과 매일 시상 과 월인센티브 는400 이상,재택 월500이상 가능 / 집에서하는일 / 건강식품해피콜/최고대우,상시모집,00명,무관,무관,무관,"컴퓨터활용가능, 군필자, 유사업무 경험, 대학재학생, 대학휴학생","['월급', '3,500,000원', '협의가능', '매일 시상 + 월인센티브 = 400 이상']",1년이상,주5일,시간협의,"텔레마케팅·아웃바운드,고객상담·인바운드,콜센터관리·모니터링 초보가능","알바, 정규직","우수사원 표창/포상, 장기근속자 포상, 정기보너스, 인센티브제, 연차, 각종 경조금, 정기휴가, 장기근속수당, 명절 귀향비 지급, 국민연금, 고용보험, 산재보험, 건강보험, 퇴직연금",없음,"인원미정,친구",장년가능,"협의가능,매일 시상 + 월인센티브 = 400 이상",월급,"3,500,000원",협의가능,없음,(풀타임/선택제)
바로상담가능#[한국블로그마케팅],블로그기자단/건당10만/당일지급/학생/주부/초보/주말/야간/단기,상시모집,00명,무관,무관,무관,"컴퓨터활용가능, 유사업무 경험, 대학재학생, 대학휴학생","['건별', '100,000원', '협의가능 당일지급 주급가능', '급여 협의 가능, 추후 인상 가능']",1주일~1개월,요일협의,시간협의,"바이럴·SNS마케팅,사무보조 초보가능","알바, 계약직",없음,없음,"인원미정,친구",장년가능,"협의가능 당일지급 주급가능,급여 협의 가능, 추후 인상 가능",건별,"100,000원",협의가능,없음,없음
네모인,"[네모]시급최대18,500원/인센티브높음/2주교육후재택/쉬운TM/꿀알바",상시모집,00명,무관,무관,고등학교 졸업 이상,"컴퓨터활용가능, 장애인, 유사업무 경험","['시급', '13,000원', '수습기간있음']",3개월~6개월,월~금,10:00~18:00,"고객상담·인바운드,사무보조,문서작성·자료조사",알바,"국민연금, 고용보험, 산재보험, 건강보험",없음,"인원미정,친구",없음,수습기간있음,시급,"13,000원",없음,없음,(휴게시간 60분)
위런에듀,[재택근무] 영어 문장에 대한 단어 및 설명 확인 및 수정 보완,2022.12.03,3명,무관,무관,무관,없음,"['건별', '350,000원', '3.3% 세금 제외 후 지급, 문장 수에 따라 지급 금액이 다릅니다.']",1주일~1개월,요일협의,시간협의,"외국어·어학원,번역·통역,교육·강사 기타",알바,없음,없음,없음,없음,"3.3% 세금 제외 후 지급, 문장 수에 따라 지급 금액이 다릅니다.",건별,"350,000원",없음,없음,없음
"TCK 쿠팡이츠 독산센터 / 단순상담 /남,녀무관",[ 집에서근무 / 17시반-22시 / 쿠팡이츠 재택 상담사 모집],상시모집,00명,무관,무관,고등학교 졸업 이상,없음,"['월급', '1,450,000원']",1년이상,요일협의,17:30~22:00,"고객상담·인바운드,사무보조,서비스 기타 초보가능","정규직, 계약직","고용보험, 국민연금, 산재보험, 건강보험, 연차, 인센티브제, 퇴직금, 연장근로수당",없음,인원미정,없음,없음,월급,"1,450,000원",협의가능,(월 6-7회 주말 및 휴일 근무),(휴게시간 30분)
#방씨기획 #꿀알바 #건당 최대10만원,"[재택근무/당일지급]학생,주부,초보,직장인 누구나 가능 야간,주말도 가능",상시모집,00명,무관,무관,무관,"컴퓨터활용가능, 한글(HWP)가능, 워드가능, 업무 관련 자격증 소지, 유사업무 경험, 대학재학생, 대학휴학생","['건별', '100,000원', '협의가능 당일지급 주급가능']",1주일~1개월,월~금,10:00~15:00,"마케팅·광고·홍보,바이럴·SNS마케팅,사무보조 초보가능","알바, 계약직",없음,없음,"인원미정,친구",없음,협의가능 당일지급 주급가능,건별,"100,000원",협의가능,없음,없음
㈜알체라,[재택근무/프리랜서] 3D Cubiod 입력,2022.12.12,00명,무관,무관,무관,"컴퓨터활용가능, 유사업무 경험","['건별', '300원', '3.3% 공제 후 보수 지급']",3개월~6개월,요일협의,시간협의,데이터수집·가공,위촉직(프리랜서),없음,없음,인원미정,없음,3.3% 공제 후 보수 지급,건별,300원,없음,없음,없음
지유컴퍼니,재택근무 소설 작성 알바 구합니다 재택/부업/알바,2022.12.18,0명,여자,25세(1998년생) ~ 45세(1978년생),무관,없음,"['월급', '2,000,000원']",1년이상,요일협의,시간협의,문서작성·자료조사,위촉직(프리랜서),없음,없음,인원미정,없음,없음,월급,"2,000,000원",없음,없음,없음
상상코칭,전국/유아 초등 전과목 코치모집/거주지 방문/온라인 수업/재택가능,2022.12.12,00명,무관,20세(2003년생) ~ 49세(1974년생),"대학(2,3년제) 졸업 이상",없음,"['건별', '2,000,000원', '수습기간있음']",1년이상,주5일,시간협의,"방문·학습지,독서·논술·스피치학원,유아·유치원 초보가능",위촉직(프리랜서),"정기휴가, 경조휴가제, 산재보험, 고용보험","거주지 방문수업, 전국 온라인수업",인원미정,없음,수습기간있음,건별,"2,000,000원",협의가능,"(월, 화, 수, 목, 금)",(기본교육(온라인)/ 재택 가능 /방문수업코치)
탑스타pc,탑스타 PC방 알바모집,2022.12.02,1명,여자,무관,무관,없음,"['시급', '10,000원']",6개월~1년,주2일,22:00~03:00,캐셔·카운터,알바,없음,없음,없음,없음,없음,시급,"10,000원",없음,"(금, 토)",(익일)
브이허브,"재택 TM모집, 일 20만원 수입 가능, 1차 컨텍만 하면 끝",상시모집,00명,무관,무관,무관,없음,"['건별', '100,000원']",1개월~3개월,월~금,시간협의,텔레마케팅·아웃바운드,"알바, 계약직",없음,없음,인원미정,없음,없음,건별,"100,000원",협의가능,없음,(시간 자유)
주식회사 보이스루,[프리랜서/계약직]콘텐츠 번역가 모집 (한영 영상번역),상시모집,0명,무관,무관,무관,"컴퓨터활용가능, 유사업무 경험","['월급', '2,500,000원', '협의가능', '본사와의 전속 계약인 경우 최대 500만원/월 이상 가능']",1개월~3개월,요일협의,시간협의,미디어 기타,"알바, 계약직",없음,없음,인원미정,없음,"협의가능,본사와의 전속 계약인 경우 최대 500만원/월 이상 가능",월급,"2,500,000원",협의가능,없음,(프리랜서/계약직)
㈜대경디앤시/버거킹 대전관평점,버거킹 알바 및 매니저 모집,2022.12.06,1명,무관,무관,무관,없음,"['시급', '9,160원']",6개월~1년,요일협의,시간협의,패스트푸드점,"알바, 정규직","국민연금, 고용보험, 산재보험, 건강보험, 퇴직금, 근무복 지급, 중식제공, 야간근로수당, 연장근로수당",없음,없음,없음,없음,시급,"9,160원",협의가능,없음,없음
탑스타 pc 호탄점,"호탄동TopStarPc방평일,주말PT(여) 평일야간(남) 아르바이트구해요",상시모집,3명,무관,무관,무관,"군필자, 유사업무 경험, 대학재학생, 대학휴학생","['시급', '9,160원', '수습기간있음', '내용참조']",6개월~1년,요일협의,시간협의,"PC방,서비스 기타 초보가능",알바,없음,없음,없음,없음,"수습기간있음,내용참조",시급,"9,160원",협의가능,(내용참조),(내용참조)
㈜웨딩북,"프리랜서, 아르바이트 채용(오전 근무/평일, 주말 선택/재택,출근 가능)",상시모집,00명,무관,20세(2003년생) ~ 55세(1968년생),고등학교 졸업 이상,없음,"['시급', '10,000원']",1개월~3개월,월~일,10:00~13:30,"결혼·연회·장례도우미,비서","알바, 위촉직(프리랜서)",없음,없음,인원미정,장년가능,없음,시급,"10,000원",협의가능,없음,없음
+디쉐어비대면수학학원+,+디쉐어수학학원+ 재택/경력/신입/250-300가능/1대1학습관리,상시모집,00명,무관,무관,대학(4년제) 졸업 이상,없음,"['월급', '3,000,000원', '협의가능', '250만원~300만원']",6개월~1년,요일협의,16:00~22:00,"입시·보습학원,외국어·어학원,교육·강사 기타 초보가능","계약직, 위촉직(프리랜서)","정기휴가, 인센티브제, 장기근속자 포상, 우수사원 표창/포상, 경조휴가제",없음,인원미정,없음,"협의가능,250만원~300만원",월급,"3,000,000원",협의가능,없음,없음
㈜글로벌에듀유에스에이,제품디자인 수정(라이노),2022.12.06,1명,무관,무관,무관,없음,"['건별', '100,000원']",하루(1일),요일협의,시간협의,제품·산업디자인,알바,없음,없음,없음,없음,없음,건별,"100,000원","11.26(토),협의가능",없음,없음
올드상해(로상해),공덕역 10번출구 중식포차 올드상해에서 함께할 크루 모집합니다,상시모집,1명,무관,무관,무관,"중국어가능, 유사업무 경험","['월급', '3,000,000원', '협의가능 수습기간있음', '주휴수당 포함']",6개월~1년,요일협의,02:30~02:00,"일반음식점,주방보조·설거지,주방장·조리사","알바, 정규직",없음,없음,없음,없음,"협의가능 수습기간있음,주휴수당 포함",월급,"3,000,000원",협의가능,(주1회휴무(수습기간후 월차)),(익일)
지엠(GM)글로벌,[재택] 온라인쇼핑몰 상품 업로드 단순 업무 아르바이트 부업 재택,2022.12.10,2명,무관,20세(2003년생) ~ 55세(1968년생),무관,컴퓨터활용가능,"['건별', '250원', '협의가능', '주급 지급']",3개월~6개월,요일협의,시간협의,문서작성·자료조사,알바,없음,없음,없음,장년가능,"협의가능,주급 지급",건별,250원,협의가능,없음,없음
㈜동화세상에듀코 와와학습 코칭센터,"영어.수학 방문지도 ,온라인 화상 수업, 재택 근무-파트타임 가능",2022.12.16,3명,무관,무관,대학(4년제) 졸업 이상,유사업무 경험,"['월급', '2,500,000원']",1년이상,요일협의,시간협의,"방문·학습지,외국어·어학원,입시·보습학원",위촉직(프리랜서),"정기휴가, 인센티브제, 장기근속자 포상, 우수사원 표창/포상",없음,친구,없음,없음,월급,"2,500,000원",없음,없음,없음
㈜이츠하임 라파에듀 학원,고등 국어 화상과외 선생님 [재택근무 학원방문 없음],상시모집,6명,무관,23세(2000년생) ~ 56세(1967년생),"대학(2,3년제) 졸업 이상",없음,"['시급', '25,000원', '협의가능', '경력. 근무 시간 등에 따라 시급 인상 가능']",1년이상,요일협의,시간협의,입시·보습학원,"알바, 계약직",없음,없음,없음,장년가능,"협의가능,경력. 근무 시간 등에 따라 시급 인상 가능",시급,"25,000원",없음,없음,(오후 5시 - 밤12시 주말 전 시간 가능)
제이링크,시간 자율 알바 모니터요원 모집,상시모집,00명,무관,무관,무관,"영어가능, 컴퓨터활용가능, 포토샵가능, 한글(HWP)가능, 워드가능, 엑셀가능, 파워포인트가능","['시급', '13,000원', '협의가능', '상세 건마다 급여 등 조건이 다소 상이할 수 있으니 지원 전 세부사항을 확인해 주시기 바랍니다.']",1년이상,요일협의,시간협의,"이벤트·행사스텝,사무보조,문서작성·자료조사 초보가능","알바, 계약직",없음,없음,"인원미정,친구",장년가능,"협의가능,상세 건마다 급여 등 조건이 다소 상이할 수 있으니 지원 전 세부사항을 확인해 주시기 바랍니다.",시급,"13,000원",협의가능,없음,없음
RiccoWorks,가이드에 맞춘 원고 작성 재택 알바 모집 - 작업 상시 진행,2022.12.14,00명,무관,무관,무관,"한글(HWP)가능, 워드가능","['건별', '2,500원', '협의가능 주급가능', '1페이지당']",6개월~1년,요일협의,시간협의,사무보조 초보가능,알바,없음,없음,"인원미정,친구",없음,"협의가능 주급가능,1페이지당",건별,"2,500원",협의가능,없음,없음
윤선생영어 베이직4센터 (전국단위),[재택온라인] 윤선생베이직 화상교사모집 (전국지원가능),2022.12.13,000명,무관,무관,대학(4년제) 졸업 이상,"영어가능, 컴퓨터활용가능, 유사업무 경험","['시급', '25,000원', '시급 환산시 25,000원 (전국최고수준/면접시안내드림)']",1년이상,요일협의,시간협의,"외국어·어학원,교육·강사 기타,방문·학습지 초보가능","알바, 위촉직(프리랜서)","우수사원 표창/포상, 인센티브제",없음,"인원미정,친구",없음,"시급 환산시 25,000원 (전국최고수준/면접시안내드림)",시급,"25,000원",협의가능,(원하는 근무요일 자유선택가능),(원하는 근무시간 자유선택가능)
더랩,재택근무) 쇼핑몰 상품 업로드 알바,2022.12.17,00명,무관,무관,"대학(2,3년제) 졸업 이상","중국어가능, 엑셀가능, 유사업무 경험","['건별', '250원', '주급가능']",3개월~6개월,월~금,시간협의,MD·쇼핑몰운영,알바,없음,없음,인원미정,없음,주급가능,건별,250원,협의가능,없음,(평일(오전))
으뜸,"[재택근무 시급 20,000원 + 수당]편한 시간에 일하세요/간단동의콜",2022.12.02,00명,무관,무관,무관,없음,"['시급', '20,000원', '협의가능 수습기간있음']",1년이상,월~금,10:00~17:30,설문조사·리서치,"정규직, 위촉직(프리랜서)",없음,없음,"인원미정,친구",없음,협의가능 수습기간있음,시급,"20,000원",협의가능,없음,(휴게시간 70분)
엠베스트&엘리하이,(재택근무) 메가스터디교육 재택 관리 교사 채용 (초등부/중등부 관리),상시모집,0명,무관,무관,"대학(2,3년제) 졸업 이상",유사업무 경험,"['월급', '1,700,000원']",3개월~6개월,월~금,15:00~21:00,"입시·보습학원,방문·학습지,교육·강사 기타",위촉직(프리랜서),정기휴가,없음,인원미정,없음,없음,월급,"1,700,000원",협의가능,없음,없음
썩세스웨이,"자율재택근무 문서작성업무 / 경영, 유아 전공 / 경단녀분들 우대",상시모집,00명,무관,무관,"대학(2,3년제) 졸업 이상","컴퓨터활용가능, 한글(HWP)가능, 워드가능, 대학재학생, 대학휴학생","['건별', '12,000원', '수습기간있음']",6개월~1년,요일협의,시간협의,"사무보조,편집·교정·교열","알바, 위촉직(프리랜서)",없음,없음,"인원미정,친구",없음,수습기간있음,건별,"12,000원",없음,(탄력근무입니다.),(탄력근무입니다.)
비엔,[시급 1.5만+인센까지]집에서 원하는 시간Pick 쉽고간단동의콜업무,2022.12.14,00명,무관,무관,무관,"유사업무 경험, 대학휴학생","['시급', '15,000원']",3개월~6개월,월~금,10:00~17:00,"텔레마케팅·아웃바운드,영업관리·지원,설문조사·리서치","알바, 위촉직(프리랜서)","인센티브제, 우수사원 표창/포상, 장기근속자 포상, 장기근속수당",없음,"인원미정,친구",장년가능,없음,시급,"15,000원",없음,없음,없음
